track_name,artist_names,streams,bpm,key,mode,danceability,valence,energy,acousticness,instrumentalness,liveness,speechiness
seven (feat. latto) (explicit ver.),"latto, jung kook",141381703,125,B,Major,0.8,0.89,0.83,0.31,0.0,0.08,0.04
lala,myke towers,133716286,92,C#,Major,0.71,0.61,0.74,0.07,0.0,0.1,0.04
vampire,olivia rodrigo,140003974,138,F,Major,0.51,0.32,0.53,0.17,0.0,0.31,0.06
cruel summer,taylor swift,800840817,170,A,Major,0.55,0.58,0.72,0.11,0.0,0.11,0.15
where she goes,bad bunny,303236322,144,A,Minor,0.65,0.23,0.8,0.14,0.63,0.11,0.06
sprinter,"dave, central cee",183706234,141,C#,Major,0.92,0.66,0.58,0.19,0.0,0.08,0.24
ella baila sola,"eslabon armado, peso pluma",725980112,148,F,Minor,0.67,0.83,0.76,0.48,0.0,0.08,0.03
columbia,quevedo,58149378,100,F,Major,0.67,0.26,0.71,0.37,0.0,0.11,0.04
fukumean,gunna,95217315,130,C#,Minor,0.85,0.22,0.62,0.12,0.0,0.28,0.09
la bebe - remix,"peso pluma, yng lvcas",553634067,170,D,Minor,0.81,0.56,0.48,0.21,0.0,0.08,0.33
un x100to,"bad bunny, grupo frontera",505671438,83,F#,Minor,0.57,0.56,0.72,0.23,0.0,0.27,0.05
super shy,newjeans,58255150,150,F,Minor,0.78,0.52,0.82,0.18,0.0,0.15,0.07
flowers,miley cyrus,1316855716,118,,Major,0.71,0.65,0.68,0.06,0.0,0.03,0.07
daylight,david kushner,387570742,130,D,Minor,0.51,0.32,0.43,0.83,0.0,0.09,0.03
as it was,harry styles,2513188493,174,F#,Minor,0.52,0.66,0.73,0.34,0.0,0.31,0.06
kill bill,sza,1163093654,89,G#,Major,0.64,0.43,0.73,0.05,0.17,0.16,0.04
cupid - twin ver.,fifty fifty,496795686,120,B,Minor,0.78,0.76,0.59,0.43,0.0,0.34,0.03
"what was i made for? [from the motion picture ""barbie""]",billie eilish,30546883,78,,Major,0.44,0.14,0.09,0.96,0.0,0.1,0.03
classy 101,"feid, young miko",335222234,100,B,Major,0.86,0.67,0.66,0.14,0.0,0.12,0.16
like crazy,jimin,363369738,120,G,Major,0.63,0.36,0.73,0.0,0.0,0.36,0.04
lady gaga,"gabito ballesteros, junior h, peso pluma",86444842,140,F,Minor,0.65,0.87,0.74,0.22,0.0,0.42,0.04
i can see you (taylorï¿½ï¿½ï¿½s version) (from the,taylor swift,52135248,123,F#,Major,0.69,0.82,0.76,0.06,0.0,0.06,0.03
i wanna be yours,arctic monkeys,1297026226,135,,Minor,0.48,0.44,0.42,0.12,0.02,0.11,0.03
"peso pluma: bzrp music sessions, vol. 55","bizarrap, peso pluma",200647221,133,F,Minor,0.85,0.81,0.67,0.26,0.0,0.12,0.05
popular (with playboi carti & madonna) - the idol vol. 1 (music from the hbo original series),"the weeknd, madonna, playboi carti",115364561,99,C#,Major,0.85,0.83,0.68,0.07,0.0,0.36,0.2
sabor fresa,fuerza regida,78300654,130,G,Minor,0.79,0.96,0.86,0.09,0.0,0.09,0.09
calm down (with selena gomez),"rï¿½ï¿½ma, selena g",899183384,107,B,Major,0.8,0.82,0.8,0.43,0.0,0.14,0.04
mojabi ghost,"tainy, bad bunny",61245289,122,F#,Minor,0.81,0.74,0.71,0.14,0.0,0.56,0.04
last night,morgan wallen,429829812,204,F#,Major,0.52,0.52,0.68,0.46,0.0,0.15,0.04
dance the night (from barbie the album),dua lipa,127408954,110,B,Minor,0.67,0.78,0.85,0.02,0.0,0.33,0.05
rush,troye sivan,22581161,126,F,Minor,0.74,0.35,0.84,0.0,0.0,0.11,0.06
tulum,"peso pluma, grupo frontera",52294266,168,F#,Major,0.56,0.63,0.87,0.39,0.0,0.11,0.05
creepin',"the weeknd, 21 savage, metro boomin",843957510,98,C#,Minor,0.71,0.17,0.61,0.36,0.0,0.08,0.05
anti-hero,taylor swift,999748277,97,E,Major,0.64,0.51,0.63,0.12,0.0,0.19,0.05
tqg,"karol g, shakira",618990393,180,E,Minor,0.72,0.61,0.63,0.67,0.0,0.09,0.28
los del espacio,"big one, duki, lit killah, maria becerra, fmk, rusherking, emilia, tiago pzk",123122413,120,,Major,0.81,0.63,0.68,0.11,0.0,0.11,0.04
frï¿½ï¿½gil (feat. grupo front,"yahritza y su esencia, grupo frontera",188933502,150,F#,Major,0.61,0.39,0.73,0.37,0.0,0.11,0.03
blank space,taylor swift,1355959075,96,F,Major,0.75,0.57,0.68,0.09,0.0,0.13,0.06
style,taylor swift,786181836,95,D,Major,0.6,0.48,0.79,0.0,0.0,0.12,0.04
tqm,fuerza regida,176553476,125,F,Minor,0.79,0.96,0.85,0.27,0.0,0.11,0.06
el azul,"junior h, peso pluma",354495408,144,A,Minor,0.56,0.84,0.65,0.23,0.0,0.1,0.06
sunflower - spider-man: into the spider-verse,"post malone, swae lee",2808096550,90,D,Major,0.76,0.91,0.5,0.54,0.0,0.07,0.05
i'm good (blue),"bebe rexha, david guetta",1109433169,128,G,Minor,0.56,0.38,0.97,0.04,0.0,0.35,0.04
see you again,"tyler, the creator, kali uchis",1047101291,79,F#,Major,0.56,0.58,0.56,0.37,0.0,0.11,0.1
barbie world (with aqua) [from barbie the album],"nicki minaj, aqua, ice spice",65156199,144,,Major,0.77,0.75,0.58,0.52,0.0,0.23,0.25
angels like you,miley cyrus,570515054,122,F,Major,0.67,0.49,0.64,0.1,0.0,0.1,0.03
i ain't worried,onerepublic,1085685420,140,,Major,0.71,0.82,0.81,0.11,0.0,0.06,0.05
die for you,the weeknd,1647990401,134,C#,Minor,0.59,0.51,0.52,0.09,0.0,0.15,0.07
starboy,"the weeknd, daft punk",2565529693,186,G,Major,0.68,0.49,0.59,0.16,0.0,0.13,0.28
die for you - remix,"ariana grande, the weeknd",518745108,67,C#,Minor,0.53,0.5,0.53,0.23,0.0,0.44,0.07
el cielo,"feid, myke towers, sky rompiendo",107753850,106,A#,Minor,0.72,0.17,0.64,0.07,0.0,0.1,0.05
baby don't hurt me,"david guetta, anne-marie, coi leray",177740666,128,G,Major,0.6,0.23,0.91,0.0,0.0,0.12,0.03
amargura,karol g,153372011,107,F#,Minor,0.92,0.55,0.7,0.18,0.0,0.15,0.07
(it goes like) nanana - edit,peggy gou,57876440,130,G,Minor,0.67,0.96,0.88,0.12,0.19,0.08,0.04
another love,tom odell,1813673666,123,E,Minor,0.45,0.13,0.54,0.7,0.0,0.09,0.04
blinding lights,the weeknd,3703895074,171,C#,Major,0.5,0.38,0.8,0.0,0.0,0.09,0.07
moonlight,kali uchis,256483385,137,G,Minor,0.64,0.88,0.72,0.51,0.0,0.17,0.05
la bachata,manuel turizo,1214083358,125,G,Minor,0.84,0.85,0.68,0.58,0.0,0.22,0.04
s91,karol g,16011326,128,,Minor,0.86,0.42,0.72,0.59,0.0,0.09,0.19
cardigan,taylor swift,812019557,130,,Minor,0.61,0.53,0.58,0.55,0.0,0.27,0.04
tï¿½ï¿,"dennis, mc kevin o chris",111947664,130,B,Major,0.86,0.59,0.96,0.5,0.01,0.09,0.05
boy's a liar pt. 2,"pinkpantheress, ice spice",156338624,133,F,Major,0.7,0.86,0.81,0.25,0.0,0.25,0.05
left and right (feat. jung kook of bts),"charlie puth, bts, jung kook",720434240,101,D,Major,0.88,0.72,0.59,0.62,0.0,0.09,0.03
beso,"rauw alejandro, rosalï¿½",357925728,95,F,Minor,0.77,0.53,0.64,0.74,0.0,0.17,0.14
hey mor,"ozuna, feid",674072710,98,C#,Minor,0.9,0.4,0.59,0.0,0.0,0.1,0.29
yellow,chris molitor,1755214421,173,B,Major,0.43,0.28,0.66,0.0,0.0,0.23,0.03
karma,taylor swift,404562836,90,G#,Major,0.64,0.1,0.62,0.07,0.0,0.48,0.07
people,libianca,373199958,198,A#,Minor,0.59,0.71,0.42,0.55,0.0,0.1,0.07
overdrive,post malone,14780425,140,C#,Major,0.56,0.48,0.73,0.0,0.0,0.35,0.04
enchanted (taylor's version),taylor swift,39578178,82,G#,Major,0.51,0.22,0.53,0.01,0.0,0.15,0.03
baby hello,"rauw alejandro, bizarrap",54266102,130,C#,Minor,0.77,0.84,0.89,0.17,0.0,0.43,0.05
heat waves,glass animals,2557975762,81,B,Major,0.76,0.53,0.53,0.44,0.0,0.09,0.09
golden hour,jvke,751134527,94,C#,Minor,0.51,0.14,0.59,0.65,0.18,0.25,0.03
sweater weather,the neighbourhood,2282771485,124,A#,Major,0.61,0.41,0.81,0.05,0.02,0.1,0.03
"quevedo: bzrp music sessions, vol. 52","bizarrap, quevedo",1356565093,128,D,Major,0.62,0.55,0.78,0.01,0.03,0.23,0.04
viva la vida,coldplay,1592909789,138,F,Minor,0.49,0.42,0.62,0.09,0.0,0.11,0.03
here with me,d4vd,635412045,132,E,Major,0.58,0.27,0.48,0.5,0.0,0.12,0.03
unholy (feat. kim petras),"sam smith, kim petras",1230675890,131,D,Major,0.71,0.24,0.47,0.01,0.0,0.27,0.09
yandel 150,"yandel, feid",585695368,168,F#,Minor,0.78,0.58,0.73,0.05,0.0,0.1,0.07
corazï¿½ï¿½n va,maria becerra,43857627,98,C#,Major,0.68,0.4,0.79,0.33,0.0,0.3,0.06
riptide,vance joy,2009094673,102,C#,Major,0.48,0.5,0.73,0.43,0.0,0.15,0.04
until i found you (with em beihold) - em beihold version,"em beihold, stephen sanchez",600976848,101,A#,Major,0.34,0.32,0.57,0.78,0.0,0.2,0.03
novidade na ï¿½ï¿,"mc livinho, dj matt d",39709092,130,F,Major,0.63,0.36,0.34,0.76,0.0,0.35,0.09
back to december (taylor's version),taylor swift,39228929,142,D,Major,0.5,0.2,0.64,0.01,0.0,0.12,0.03
stay (with justin bieber),"justin bieber, the kid laroi",2665343922,170,C#,Major,0.59,0.48,0.76,0.04,0.0,0.1,0.05
el merengue,"marshmello, manuel turizo",223633238,124,G#,Minor,0.78,0.7,0.68,0.03,0.01,0.11,0.04
someone you loved,lewis capaldi,2887241814,110,C#,Major,0.5,0.45,0.41,0.75,0.0,0.11,0.03
me porto bonito,"chencho corleone, bad bunny",1440757818,92,C#,Minor,0.91,0.43,0.71,0.09,0.0,0.09,0.08
makeba,jain,165484133,116,D,Major,0.82,0.4,0.66,0.39,0.51,0.25,0.07
montagem - fr punk,"ayparia, unxbected",58054811,129,A,Major,0.63,0.84,0.82,0.7,0.08,0.09,0.07
fast car,luke combs,157058870,98,G#,Major,0.71,0.67,0.6,0.19,0.0,0.12,0.03
what it is (solo version),doechii,95131998,172,C#,Minor,0.74,0.76,0.76,0.06,0.0,0.1,0.09
coco chanel,"bad bunny, eladio carrion",250305248,150,D,Major,0.68,0.14,0.76,0.04,0.0,0.1,0.04
donï¿½ï¿½ï¿½t bl,taylor swift,685032533,136,A,Minor,0.62,0.19,0.53,0.11,0.0,0.06,0.04
still with you,jung kook,38411956,88,C#,Minor,0.53,0.34,0.47,0.09,0.0,0.83,0.04
all my life (feat. j. cole),"j. cole, lil durk",144565150,143,D#,Major,0.83,0.69,0.44,0.15,0.0,0.1,0.33
say yes to heaven,lana del rey,127567540,100,F#,Minor,0.49,0.17,0.35,0.71,0.09,0.11,0.03
snooze,sza,399686758,143,F,Major,0.56,0.39,0.55,0.14,0.0,0.11,0.13
summertime sadness,lana del rey,983637508,112,C#,Minor,0.56,0.24,0.66,0.07,0.0,0.12,0.03
take two,bts,118482347,93,G,Major,0.62,0.57,0.59,0.03,0.0,0.38,0.03
lover,taylor swift,882831184,206,G,Major,0.43,0.5,0.55,0.5,0.0,0.15,0.1
too many nights (feat. don toliver & with future),"future, metro boomin, don toliver",286400165,88,G,Minor,0.68,0.17,0.71,0.15,0.0,0.11,0.05
chemical,post malone,172825906,170,D,Major,0.5,0.37,0.9,0.0,0.0,0.12,0.05
mockingbird,eminem,1241559043,84,E,Minor,0.62,0.24,0.67,0.21,0.0,0.13,0.28
new jeans,newjeans,29562220,134,E,Minor,0.81,0.53,0.72,0.51,0.0,0.12,0.05
primera cita,carin leon,77309611,158,A#,Major,0.54,0.5,0.4,0.61,0.0,0.1,0.06
cold heart - pnau remix,"dua lipa, elton john, pnau",1605224506,116,C#,Major,0.8,0.92,0.8,0.04,0.0,0.1,0.03
dandelions,ruth b.,1116995633,117,C#,Major,0.61,0.45,0.69,0.02,0.0,0.09,0.03
bones,imagine dragons,838079900,114,F,Minor,0.77,0.65,0.72,0.02,0.0,0.07,0.05
set fire to the rain,adele,1163620694,108,D,Minor,0.61,0.47,0.68,0.0,0.0,0.13,0.03
money trees,"kendrick lamar, jay rock",1093605526,144,E,Minor,0.74,0.37,0.53,0.07,0.0,0.21,0.1
tak segampang itu,anggi marito,179659294,130,F,Major,0.51,0.18,0.44,0.76,0.0,0.11,0.03
lagunas,"jasiel nuï¿½ï¿½ez, peso p",39058561,116,B,Major,0.77,0.79,0.62,0.33,0.01,0.15,0.03
mine (taylor's version),taylor swift,36912123,121,G,Major,0.65,0.49,0.78,0.0,0.0,0.17,0.04
everybody wants to rule the world,tears for fears,1205951614,112,G,Major,0.64,0.54,0.81,0.36,0.0,0.11,0.06
no role modelz,j. cole,1791000570,100,A#,Minor,0.7,0.47,0.52,0.3,0.0,0.06,0.33
tattoo,loreen,201660859,150,D#,Minor,0.55,0.3,0.78,0.24,0.0,0.12,0.08
rara vez,"taiu, milo j",248088961,120,F,Minor,0.84,0.96,0.71,0.18,0.0,0.34,0.17
vagabundo,"sebastian yatra, manuel turizo, beï¿½ï",90839753,127,B,Minor,0.82,0.89,0.85,0.04,0.0,0.23,0.06
august,taylor swift,607123776,90,F,Major,0.51,0.42,0.61,0.53,0.0,0.09,0.03
luna,"junior h, peso pluma",55842345,128,A,Minor,0.75,0.79,0.63,0.33,0.0,0.15,0.04
miracle (with ellie goulding),"calvin harris, ellie goulding",211050784,143,A,Major,0.64,0.31,0.87,0.04,0.04,0.08,0.04
nonsense,sabrina carpenter,342897938,139,G#,Major,0.74,0.68,0.68,0.03,0.0,0.26,0.04
que vuelvas,"carin leon, grupo frontera",2762,162,A#,Major,0.49,0.78,0.64,0.19,0.0,0.11,0.04
por las noches,peso pluma,330346424,92,,Major,0.81,0.39,0.6,0.31,0.0,0.07,0.03
feliz cumpleaï¿½ï¿½os fe,feid,601863821,95,F,Major,0.87,0.57,0.55,0.1,0.0,0.29,0.07
can't hold us (feat. ray dalton),"ray dalton, ryan lewis, macklemore",1953533826,146,D,Major,0.63,0.88,0.93,0.03,0.0,0.1,0.08
watermelon sugar,harry styles,2322580122,95,,Major,0.55,0.56,0.82,0.12,0.0,0.34,0.05
lovely - bonus track,"billie eilish, khalid",2355719893,115,E,Minor,0.35,0.12,0.3,0.93,0.0,0.1,0.03
"rauw alejandro: bzrp music sessions, vol. 56","rauw alejandro, bizarrap",66902503,128,B,Major,0.78,0.59,0.65,0.1,0.0,0.26,0.05
queencard,(g)i-dle,96273746,130,E,Minor,0.82,0.69,0.83,0.03,0.0,0.27,0.05
omg,newjeans,430977451,127,A,Minor,0.8,0.74,0.77,0.36,0.0,0.11,0.04
radio,lana del rey,284819874,150,D,Major,0.42,0.2,0.86,0.21,0.0,0.09,0.09
"shakira: bzrp music sessions, vol. 53","shakira, bizarrap",721975598,122,D,Minor,0.78,0.5,0.63,0.27,0.0,0.09,0.05
505,arctic monkeys,1217120710,140,,Major,0.52,0.2,0.85,0.0,0.0,0.07,0.05
"calling (spider-man: across the spider-verse) (metro boomin & swae lee, nav, feat. a boogie wit da hoodie)","swae lee, a boogie wit da hoodie, metro boomin, nav",109276132,140,,Major,0.63,0.22,0.54,0.46,0.0,0.12,0.08
trance (with travis scott & young thug),"travis scott, young thug, metro boomin",276259178,119,C#,Minor,0.75,0.48,0.53,0.18,0.0,0.18,0.34
"tere vaaste (from ""zara hatke zara bachke"")","sachin-jigar, shadab faridi, altamash faridi, amitabh bhattacharya, varun jain",54225632,110,G,Minor,0.76,0.96,0.72,0.32,0.0,0.09,0.04
perfect,ed sheeran,2559529074,95,G#,Major,0.6,0.17,0.45,0.16,0.0,0.11,0.02
romantic homicide,d4vd,681583126,132,F#,Major,0.56,0.2,0.55,0.45,0.01,0.32,0.03
believer,imagine dragons,2594040133,125,A#,Minor,0.77,0.74,0.78,0.04,0.0,0.23,0.11
novo balanï¿½,"veigh, bvga beatz, supernova ent, prod malax",81102253,124,D#,Minor,0.84,0.65,0.5,0.67,0.0,0.13,0.06
"gol bolinha, gol quadrado 2","mc pedrinho, dj 900",11956641,133,B,Minor,0.93,0.68,0.65,0.42,0.0,0.12,0.25
without me,eminem,1687664027,112,G,Major,0.92,0.67,0.66,0.0,0.0,0.36,0.09
quema,"sog, ryan castro, peso pluma",11599388,97,,Major,0.79,0.92,0.89,0.05,0.0,0.06,0.05
stargirl interlude,"the weeknd, lana del rey",611700552,90,F,Minor,0.59,0.52,0.48,0.38,0.05,0.1,0.11
ojitos lindos,"bomba estï¿½ï¿½reo, bad b",1133865788,80,D#,Minor,0.65,0.27,0.69,0.08,0.0,0.53,0.04
somewhere only we know,keane,1089402494,172,A,Major,0.45,0.33,0.59,0.06,0.0,0.08,0.03
those eyes,new west,411747614,120,E,Major,0.6,0.24,0.35,0.73,0.0,0.31,0.03
el gordo trae el mando,chino pacas,255932395,140,G,Minor,0.74,0.96,0.8,0.18,0.0,0.05,0.05
mi bello angel,natanael cano,31873544,128,A,Minor,0.81,0.9,0.77,0.01,0.0,0.09,0.05
bye,peso pluma,95053634,122,,Major,0.78,0.7,0.81,0.57,0.0,0.1,0.05
danza kuduro,"don omar, lucenzo",1279434863,130,,Major,0.47,0.86,0.92,0.08,0.0,0.05,0.24
nosso quadro,"ana castela, agroplay",233801632,160,A,Major,0.69,0.61,0.71,0.33,0.0,0.31,0.2
locked out of heaven,bruno mars,1481349984,144,F,Major,0.73,0.87,0.7,0.06,0.0,0.28,0.05
un finde | crossover #2,"big one, fmk, ke personajes",142095275,192,B,Major,0.5,0.85,0.52,0.11,0.0,0.28,0.06
jimmy cooks (feat. 21 savage),"drake, 21 savage",618885532,163,,Major,0.54,0.4,0.67,0.0,0.0,0.09,0.17
counting stars,onerepublic,2011464183,122,C#,Minor,0.66,0.48,0.71,0.06,0.0,0.12,0.04
ghost,justin bieber,1167330737,154,D,Major,0.61,0.41,0.74,0.21,0.0,0.4,0.06
under the influence,chris brown,929964809,117,A,Minor,0.73,0.31,0.69,0.06,0.0,0.11,0.04
prc,"natanael cano, peso pluma",436027885,138,G,Minor,0.78,0.89,0.83,0.1,0.0,0.12,0.05
gasolina,daddy yankee,657723613,96,,Major,0.86,0.74,0.8,0.33,0.0,0.08,0.06
one dance,"drake, wizkid, kyla",2713922350,104,C#,Major,0.77,0.36,0.63,0.01,0.0,0.36,0.05
enchanted,taylor swift,621660989,164,G#,Major,0.45,0.24,0.62,0.08,0.0,0.16,0.03
save your tears,the weeknd,1591223784,118,,Major,0.68,0.61,0.82,0.02,0.0,0.5,0.03
sure thing,miguel,950906471,81,B,Minor,0.68,0.51,0.6,0.03,0.0,0.19,0.1
every breath you take - remastered 2003,the police,1593270737,117,C#,Major,0.82,0.73,0.45,0.54,0.0,0.07,0.03
the night we met,lord huron,1410088830,174,D,Major,0.45,0.1,0.37,0.97,0.25,0.64,0.04
we found love,"rihanna, calvin harris",1235005533,128,C#,Major,0.73,0.6,0.77,0.03,0.0,0.11,0.04
when i was your man,bruno mars,1661187319,145,,Major,0.6,0.43,0.27,0.94,0.0,0.14,0.04
let me down slowly,alec benjamin,1374581173,150,C#,Minor,0.65,0.51,0.55,0.73,0.0,0.14,0.03
"am i dreaming (metro boomin & a$ap rocky, roisee)","a$ap rocky, metro boomin, roisee",94186466,90,A,Minor,0.6,0.13,0.53,0.04,0.0,0.21,0.04
do i wanna know?,arctic monkeys,1788326445,85,F,Major,0.55,0.42,0.53,0.17,0.0,0.22,0.03
demons,imagine dragons,1840364617,180,D#,Major,0.33,0.38,0.71,0.2,0.0,0.28,0.05
ýýýýýýýýýýýý,yoasobi,143573775,166,C#,Major,0.57,0.84,0.94,0.11,0.0,0.37,0.09
reminder,the weeknd,684675814,160,G#,Major,0.71,0.4,0.5,0.16,0.0,0.16,0.22
shake it off,taylor swift,1113838873,160,G,Major,0.65,0.95,0.8,0.05,0.0,0.41,0.16
why'd you only call me when you're high?,arctic monkeys,1267333350,92,D,Major,0.7,0.81,0.63,0.04,0.0,0.08,0.04
snap,rosa linn,726307468,170,,Major,0.56,0.53,0.64,0.11,0.0,0.45,0.06
shape of you,ed sheeran,3562543890,96,C#,Minor,0.83,0.93,0.65,0.58,0.0,0.09,0.08
night changes,one direction,1131090940,120,G#,Major,0.67,0.4,0.52,0.86,0.0,0.12,0.04
fin de semana,"oscar maydon, junior h",307370144,98,,Major,0.7,0.37,0.54,0.06,0.0,0.09,0.08
creep,radiohead,1271293243,92,G,Major,0.53,0.12,0.34,0.01,0.0,0.12,0.04
car's outside,james arthur,265882712,150,A,Major,0.34,0.24,0.56,0.04,0.0,0.11,0.03
apocalypse,cigarettes after sex,841749534,94,F,Major,0.37,0.17,0.47,0.02,0.46,0.11,0.03
cheques,shubh,47956378,90,E,Minor,0.74,0.36,0.63,0.26,0.0,0.27,0.05
pink + white,frank ocean,806397070,160,A,Major,0.54,0.54,0.55,0.67,0.0,0.42,0.11
circles,post malone,2132335812,120,,Major,0.7,0.59,0.75,0.24,0.0,0.09,0.04
just the way you are,bruno mars,1641426668,109,F,Major,0.63,0.46,0.85,0.01,0.0,0.09,0.05
take me to church,hozier,2135158446,129,E,Minor,0.57,0.41,0.66,0.63,0.0,0.12,0.05
bebe dame,"fuerza regida, grupo frontera",367316268,157,G,Major,0.54,0.75,0.6,0.3,0.0,0.07,0.05
you belong with me (taylorï¿½ï¿½ï¿½s ve,taylor swift,350381515,130,F#,Major,0.63,0.49,0.73,0.05,0.0,0.09,0.03
titi me preguntï¿,bad bunny,1264310836,107,F,Minor,0.65,0.19,0.72,0.1,0.0,0.13,0.25
better than revenge (taylor's version),taylor swift,30343206,146,B,Minor,0.5,0.67,0.89,0.0,0.0,0.19,0.08
shut up my moms calling,hotel ugly,405136812,139,A,Minor,0.48,0.37,0.41,0.32,0.0,0.1,0.1
have you ever seen the rain?,creedence clearwater revival,1145727611,116,,Major,0.74,0.76,0.7,0.07,0.0,0.13,0.03
es un secreto,plan b,540654286,95,F#,Minor,0.84,0.52,0.77,0.12,0.0,0.07,0.04
polaris - remix,"feid, mora, saiko, quevedo",57312735,170,G#,Minor,0.62,0.55,0.8,0.15,0.0,0.37,0.07
ditto,newjeans,397582059,134,F#,Minor,0.81,0.18,0.64,0.03,0.0,0.1,0.11
take on me,a-ha,1479115056,84,F#,Minor,0.57,0.86,0.9,0.02,0.0,0.09,0.05
"annihilate (spider-man: across the spider-verse) (metro boomin & swae lee, lil wayne, offset)","swae lee, lil wayne, offset, metro boomin",86773632,146,B,Minor,0.61,0.2,0.48,0.21,0.0,0.12,0.06
"angel pt 1 (feat. jimin of bts, jvke & muni long)","kodak black, nle choppa, muni long, jvke, jimin",133753727,74,A#,Minor,0.53,0.24,0.67,0.11,0.0,0.1,0.28
acrï¿½ï¿½s,shakira,123124076,144,B,Major,0.75,0.35,0.48,0.84,0.0,0.1,0.12
amg,"natanael cano, gabito ballesteros, peso pluma",463564958,136,B,Minor,0.77,0.79,0.73,0.15,0.0,0.27,0.1
"phir aur kya chahiye (from ""zara hatke zara bachke"")","arijit singh, sachin-jigar, amitabha bhattacharya",64533040,100,E,Major,0.56,0.53,0.55,0.53,0.0,0.12,0.04
s-class,stray kids,65496046,105,F,Minor,0.89,0.67,0.78,0.09,0.0,0.07,0.33
hits different,taylor swift,68616963,106,F,Major,0.67,0.24,0.78,0.15,0.0,0.3,0.04
chanel,"becky g, peso pluma",161460990,132,D,Major,0.85,0.53,0.68,0.4,0.0,0.09,0.04
self love (spider-man: across the spider-verse) (metro boomin & coi leray),"metro boomin, coi leray",70106975,120,A,Major,0.78,0.05,0.3,0.21,0.0,0.13,0.05
area codes,"kaliii, kaliii",113509496,155,C#,Major,0.82,0.51,0.39,0.02,0.0,0.09,0.49
abcdario,"junior h, eden muï¿½ï",89933133,129,G#,Major,0.7,0.42,0.43,0.78,0.0,0.11,0.03
obsessed,"abhijay sharma, riar saab",71007139,135,F,Minor,0.8,0.85,0.74,0.62,0.0,0.08,0.09
piï¿½ï¿½man deï¿,"semicenk, doï¿½ï¿½u",43522589,98,A#,Minor,0.73,0.45,0.62,0.28,0.0,0.13,0.13
flower,jisoo,232896922,124,A,Minor,0.84,0.64,0.39,0.03,0.0,0.11,0.04
"all the way live (spider-man: across the spider-verse) (metro boomin & future, lil uzi vert)","future, lil uzi vert, metro boomin",37126685,135,A,Minor,0.77,0.28,0.55,0.18,0.0,0.22,0.15
eyes closed,ed sheeran,195576623,107,D,Major,0.78,0.39,0.53,0.3,0.0,0.11,0.06
escapism.,"raye, 070 shake",532336353,96,D,Major,0.54,0.25,0.74,0.14,0.0,0.09,0.11
la jumpa,"arcangel, bad bunny",538115192,123,G#,Major,0.71,0.58,0.7,0.3,0.0,0.32,0.19
karma (feat. ice spice),"taylor swift, ice spice",46142772,90,G#,Major,0.62,0.07,0.62,0.06,0.0,0.58,0.06
superhero (heroes & villains) [with future & chris brown],"future, chris brown, metro boomin",401036314,117,F,Minor,0.72,0.45,0.59,0.14,0.0,0.2,0.21
las morras,"blessd, peso pluma",127026613,133,A,Minor,0.78,0.9,0.84,0.31,0.0,0.07,0.04
chorrito pa las animas,feid,345031710,96,G#,Minor,0.74,0.61,0.83,0.11,0.0,0.35,0.06
ch y la pizza,"fuerza regida, natanael cano",288101651,149,G#,Major,0.66,0.85,0.6,0.4,0.0,0.14,0.13
snow on the beach (feat. more lana del rey),"lana del rey, taylor swift",60350538,110,F#,Minor,0.66,0.32,0.4,0.81,0.0,0.11,0.03
players,coi leray,335074782,105,F#,Major,0.95,0.62,0.52,0.03,0.0,0.05,0.16
bite me,enhypen,76767396,105,C#,Major,0.8,0.69,0.78,0.28,0.0,0.11,0.14
stand by me (feat. morgan wallen),"lil durk, morgan wallen",46065667,134,B,Major,0.76,0.61,0.58,0.06,0.0,0.16,0.03
normal,feid,459276435,170,E,Minor,0.71,0.59,0.56,0.04,0.0,0.27,0.12
hummingbird (metro boomin & james blake),"james blake, metro boomin",39666245,81,F#,Major,0.59,0.26,0.6,0.46,0.01,0.25,0.13
seu brilho sumiu - ao vivo,"israel & rodolffo, mari fernandez",138517666,154,F#,Major,0.63,0.75,0.92,0.31,0.0,0.91,0.05
bad habit,steve lacy,822633917,169,C#,Major,0.69,0.69,0.51,0.63,0.0,0.38,0.04
cuff it,beyoncï¿,595900742,115,G,Major,0.78,0.64,0.69,0.04,0.0,0.07,0.14
lilith (feat. suga of bts) (diablo iv anthem),"halsey, suga",51985779,84,A,Minor,0.43,0.14,0.74,0.01,0.0,0.19,0.08
69,"nicky jam, feid",57945987,93,G#,Major,0.79,0.58,0.62,0.11,0.0,0.11,0.23
niï¿½ï¿½a bo,"sean paul, feid",115010040,91,G,Major,0.82,0.47,0.62,0.1,0.0,0.1,0.15
search & rescue,drake,175097833,142,A#,Minor,0.82,0.54,0.44,0.06,0.0,0.33,0.07
america has a problem (feat. kendrick lamar),"kendrick lamar, beyoncï¿",57089066,126,C#,Major,0.78,0.2,0.7,0.01,0.0,0.16,0.04
lavender haze,taylor swift,488386797,97,A#,Major,0.73,0.1,0.44,0.26,0.0,0.16,0.08
"link up (metro boomin & don toliver, wizkid feat. beam & toian) - spider-verse remix (spider-man: across the spider-verse )","wizkid, toian, metro boomin, don toliver, beam",32761689,101,F,Major,0.92,0.59,0.51,0.41,0.51,0.26,0.08
efecto,bad bunny,1047480053,98,G,Minor,0.8,0.23,0.48,0.14,0.0,0.06,0.05
erro gostoso - ao vivo,simone mendes,153454328,154,F#,Major,0.59,0.63,0.89,0.18,0.0,0.8,0.09
cupido,tini,217672943,120,A,Major,0.91,0.63,0.58,0.52,0.0,0.31,0.22
just wanna rock,lil uzi vert,457184829,150,B,Major,0.49,0.04,0.55,0.07,0.0,0.06,0.03
unstoppable,sia,939844851,174,A,Major,0.47,0.27,0.78,0.11,0.0,0.1,0.08
until i found you,stephen sanchez,726434358,202,A#,Major,0.34,0.25,0.51,0.69,0.0,0.18,0.04
rich flex,"drake, 21 savage",573633020,153,B,Minor,0.56,0.42,0.52,0.05,0.0,0.36,0.24
easy on me,adele,1406111294,142,F,Major,0.6,0.13,0.37,0.58,0.0,0.13,0.03
cartï¿½ï¿½o b,"mc caverinha, kayblack",71573339,108,A,Minor,0.84,0.55,0.47,0.26,0.0,0.2,0.64
danger (spider) (offset & jid),"offset, jid",24975653,143,B,Major,0.83,0.25,0.69,0.04,0.0,0.23,0.12
oi balde - ao vivo,zï¿½ï¿½ neto & crist,145458418,108,D,Major,0.67,0.55,0.67,0.6,0.0,0.8,0.05
the real slim shady,eminem,1424589568,104,F,Minor,0.95,0.78,0.66,0.03,0.0,0.04,0.06
mercho,"migrantes, lil cake, nico valdi",231332117,93,F#,Minor,0.84,0.96,0.79,0.43,0.0,0.18,0.11
the color violet,tory lanez,415932686,105,F#,Minor,0.65,0.46,0.53,0.16,0.0,0.09,0.05
glimpse of us,joji,988515741,170,G#,Major,0.44,0.27,0.32,0.89,0.0,0.14,0.05
mejor que yo,"mambo kingz, dj luian, anuel aa",50847624,178,C#,Minor,0.62,0.56,0.66,0.18,0.0,0.12,0.05
curtains,ed sheeran,39893489,176,F#,Minor,0.5,0.44,0.76,0.1,0.0,0.32,0.05
unforgiven (feat. nile rodgers),"nile rodgers, le sserafim",92035115,104,E,Minor,0.8,0.38,0.88,0.11,0.0,0.11,0.05
haegeum,agust d,118810253,85,G,Major,0.7,0.83,0.84,0.31,0.0,0.47,0.3
conexï¿½ï¿½es de mï¿½ï¿½fia (feat. rich,"rich the kid, matuï¿",77233241,117,F#,Minor,0.77,0.69,0.58,0.39,0.0,0.26,0.05
mientras me curo del cora,karol g,206399629,80,,Major,0.52,0.57,0.48,0.86,0.0,0.15,0.39
never felt so alone,labrinth,117747907,98,F,Major,0.44,0.36,0.41,0.5,0.0,0.38,0.05
x si volvemos,"karol g, romeo santos",266624541,178,C#,Minor,0.79,0.58,0.78,0.34,0.0,0.11,0.25
ceilings,lizzy mcalpine,293186992,148,A,Major,0.51,0.27,0.33,0.48,0.0,0.22,0.03
cupid,fifty fifty,139681964,120,D,Major,0.77,0.94,0.66,0.65,0.0,0.38,0.03
i am,ive,123132751,122,E,Minor,0.68,0.38,0.88,0.01,0.0,0.08,0.05
cupid ï¿½ï¿½ï¿½ twin ver. (fifty fifty) ï¿½ï¿½ï¿½ spe,sped up 8282,103762518,144,F,Major,0.74,0.75,0.73,0.42,0.0,0.09,0.04
shorty party,"cartel de santa, la kelly",162887075,96,D,Major,0.93,0.47,0.47,0.33,0.0,0.1,0.36
super,seventeen,91221625,137,G#,Major,0.77,0.35,0.88,0.16,0.0,0.17,0.09
slut me out,nle choppa,190490915,121,F#,Minor,0.94,0.71,0.61,0.12,0.0,0.53,0.42
double fantasy (with future),"the weeknd, future",96180277,119,A,Minor,0.6,0.1,0.57,0.01,0.0,0.5,0.03
all of the girls you loved before,taylor swift,185240616,96,D,Major,0.72,0.4,0.47,0.71,0.0,0.13,0.04
provenza,karol g,885093467,111,C#,Major,0.87,0.53,0.52,0.66,0.01,0.11,0.05
princess diana (with nicki minaj),"nicki minaj, ice spice",104992946,148,A,Major,0.9,0.74,0.68,0.14,0.0,0.1,0.19
di que si,"grupo marca registrada, grupo frontera",147290338,182,A,Major,0.57,0.8,0.59,0.08,0.0,0.06,0.05
shivers,ed sheeran,1302184087,141,D,Major,0.79,0.82,0.86,0.28,0.0,0.04,0.09
igualito a mi apï¿,"fuerza regida, peso pluma",158950978,145,E,Minor,0.76,0.8,0.81,0.19,0.0,0.06,0.09
shoong! (feat. lisa of blackpink),"taeyang, lisa",76910644,110,B,Minor,0.76,0.26,0.7,0.01,0.0,0.41,0.06
komang,raim laode,137123880,134,G,Major,0.7,0.35,0.41,0.41,0.0,0.1,0.03
despechï¿,rosalï¿½,782369383,130,G,Major,0.92,0.78,0.62,0.18,0.0,0.06,0.1
made you look,meghan trainor,502574952,145,A#,Major,0.84,0.88,0.53,0.35,0.0,0.08,0.07
watch this - arizonatears pluggnb remix,"sped up nightcore, arizonatears, lil uzi vert",207033255,130,B,Minor,0.69,0.36,0.9,0.01,0.1,0.15,0.04
no se va,grupo frontera,404887295,173,,Major,0.59,0.69,0.53,0.12,0.0,0.23,0.03
punto g,quevedo,381161027,92,B,Minor,0.75,0.55,0.76,0.25,0.0,0.1,0.15
lovers rock,tv girl,466231982,105,F,Minor,0.56,0.57,0.87,0.0,0.01,0.1,0.04
metamorphosis,interworld,357580552,175,G,Minor,0.59,0.15,0.64,0.43,0.9,0.12,0.1
mami chula,"quevedo, jhayco",61105704,120,G,Minor,0.8,0.33,0.7,0.22,0.0,0.09,0.04
en paris,"el chachito, junior h",198275403,139,D#,Minor,0.7,0.77,0.48,0.37,0.0,0.12,0.05
set me free pt.2,jimin,168448603,132,,Minor,0.59,0.56,0.82,0.12,0.0,0.12,0.06
i was never there,"the weeknd, gesaffelstein",705469769,114,A#,Major,0.32,0.17,0.74,0.14,0.0,0.17,0.03
don't ever say love me (feat. rm of bts),"rm, colde",34502215,145,B,Minor,0.54,0.19,0.48,0.36,0.0,0.37,0.05
shut down,blackpink,482175240,110,,Major,0.82,0.67,0.69,0.0,0.0,0.18,0.04
gato de noche,"nengo flow, bad bunny",304118600,94,G#,Major,0.89,0.61,0.66,0.17,0.0,0.36,0.16
call out my name,the weeknd,1449799467,134,C#,Major,0.45,0.17,0.6,0.21,0.0,0.33,0.04
like crazy (english version),jimin,173627354,120,G,Major,0.62,0.32,0.76,0.0,0.0,0.39,0.04
rosa pastel,"jasiel nuï¿½ï¿½ez, peso p",90025258,123,G,Minor,0.7,0.86,0.68,0.24,0.0,0.11,0.04
sunroof,"nicky youre, dazy",652704649,131,A#,Major,0.77,0.84,0.71,0.35,0.0,0.15,0.04
lose yourself - soundtrack version,eminem,1829992958,171,D,Major,0.7,0.06,0.73,0.01,0.0,0.36,0.26
superman,"eminem, dina rae",655466831,130,E,Minor,0.8,0.64,0.76,0.02,0.0,0.2,0.06
mas rica que ayer,"mambo kingz, dj luian, anuel aa",146409671,94,B,Major,0.82,0.53,0.67,0.34,0.0,0.09,0.08
people pt.2 (feat. iu),"iu, agust d",95816024,89,G,Minor,0.73,0.44,0.57,0.39,0.0,0.32,0.06
remix exclusivo,feid,117206995,87,F,Minor,0.65,0.71,0.56,0.04,0.0,0.15,0.2
"arcï¿½ï¿½ngel: bzrp music sessions, vol","arcangel, bizarrap",100409613,124,B,Minor,0.72,0.79,0.78,0.55,0.0,0.15,0.3
dogtooth,"tyler, the creator",80758350,78,G#,Major,0.71,0.8,0.65,0.51,0.0,0.22,0.32
10:35,"tiï¿½ï¿½sto, tate m",325592432,120,G#,Major,0.7,0.7,0.79,0.07,0.0,0.18,0.1
sorry not sorry,"tyler, the creator",58473276,96,F#,Minor,0.48,0.5,0.8,0.4,0.0,0.37,0.2
happy,nf,52722996,106,G,Major,0.73,0.22,0.86,0.31,0.0,0.12,0.04
la bebe,yng lvcas,191945597,170,D,Minor,0.78,0.75,0.46,0.62,0.0,0.12,0.35
i know - pr1svx edit,"kanii, pr1isvx",77377503,134,B,Minor,0.67,0.11,0.76,0.08,0.47,0.3,0.07
late night talking,harry styles,743693613,115,A#,Major,0.71,0.9,0.73,0.3,0.0,0.11,0.05
leï¿½,marï¿½ï¿½lia mendo,267789608,130,F#,Major,0.74,0.79,0.87,0.45,0.0,0.3,0.03
save your tears (with ariana grande) (remix),"ariana grande, the weeknd",1221813483,118,,Major,0.65,0.63,0.79,0.03,0.0,0.1,0.03
something in the orange,zach bryan,449701773,110,G,Major,0.59,0.22,0.38,0.42,0.0,0.12,0.03
void,melanie martinez,67070410,100,A,Major,0.72,0.42,0.66,0.18,0.04,0.19,0.04
dijeron que no la iba lograr,"fuerza regida, chino pacas",116334601,142,G,Minor,0.7,0.76,0.79,0.26,0.0,0.11,0.07
midnight rain,taylor swift,433356509,140,,Major,0.64,0.18,0.37,0.72,0.0,0.12,0.07
if we ever broke up,mae stephens,165584767,116,G,Major,0.9,0.96,0.73,0.62,0.0,0.09,0.04
you proof,morgan wallen,367814306,120,A,Major,0.73,0.64,0.85,0.25,0.0,0.61,0.03
la inocente,"feid, mora",477033549,92,F,Minor,0.76,0.46,0.79,0.31,0.0,0.07,0.06
malas decisiones,kenia os,156214700,110,G#,Minor,0.81,0.64,0.79,0.05,0.0,0.31,0.03
murder in my mind,kordhell,448843705,120,A#,Major,0.71,0.57,0.97,0.01,0.0,0.13,0.11
gangsta's paradise,"coolio, l.v.",1357608774,80,G#,Major,0.63,0.4,0.61,0.09,0.0,0.56,0.06
cairo,"karol g, ovy on the drums",294352144,115,F,Minor,0.95,0.43,0.69,0.47,0.0,0.09,0.31
i love you so,the walters,972164968,76,A#,Major,0.58,0.46,0.67,0.65,0.0,0.13,0.04
dark red,steve lacy,920045682,172,F#,Major,0.6,0.77,0.78,0.45,0.0,0.12,0.06
say you won't let go,james arthur,2420461338,99,A#,Major,0.4,0.45,0.56,0.69,0.0,0.09,0.05
the hills,the weeknd,1947371785,136,,Minor,0.36,0.12,0.57,0.09,0.0,0.14,0.08
heart to heart,mac demarco,244658767,150,G#,Minor,0.9,0.64,0.14,0.67,0.35,0.11,0.1
peaches (from the super mario bros. movie),jack black,68216992,92,A#,Minor,0.71,0.41,0.31,0.79,0.0,0.1,0.05
marisola - remix,"duki, nicki nicole, cris mj, standly, stars music chile",223582566,95,C#,Major,0.77,0.72,0.87,0.17,0.0,0.07,0.05
lokera,"brray, rauw alejandro, lyanno",471819764,102,B,Minor,0.83,0.58,0.83,0.21,0.0,0.1,0.05
low,sza,272377463,145,,Minor,0.7,0.34,0.55,0.43,0.0,0.16,0.06
numb,linkin park,1361425037,110,A,Major,0.5,0.24,0.86,0.0,0.0,0.64,0.04
tormenta (feat. bad bunny),"gorillaz, bad bunny",149778242,95,,Major,0.64,0.3,0.77,0.46,0.0,0.38,0.06
on the street (with j. cole),"j-hope, j. cole",116599790,94,B,Minor,0.68,0.81,0.82,0.53,0.0,0.09,0.13
one thing at a time,morgan wallen,148469433,142,G,Major,0.61,0.92,0.91,0.0,0.0,0.26,0.03
miss you,"robin schulz, oliver tree",497225336,145,F#,Minor,0.59,0.2,0.74,0.01,0.0,0.15,0.05
ainï¿½ï¿½ï¿½t tha,morgan wallen,88791109,121,F#,Minor,0.64,0.67,0.8,0.0,0.0,0.36,0.03
thinkinï¿½ï¿½ï¿½ b,morgan wallen,125917280,140,D#,Minor,0.66,0.43,0.76,0.49,0.0,0.12,0.03
private landing (feat. justin bieber & future),"don toliver, future, justin bieber",105062254,137,C#,Minor,0.84,0.44,0.67,0.08,0.0,0.11,0.06
everything i love,morgan wallen,95623148,104,G#,Major,0.56,0.72,0.85,0.0,0.0,0.15,0.03
heaven,niall horan,144584800,92,F,Major,0.57,0.68,0.76,0.07,0.0,0.33,0.03
let go,central cee,298063749,146,D,Minor,0.74,0.51,0.45,0.86,0.0,0.21,0.38
sial,mahalini,166570053,120,D,Major,0.56,0.2,0.43,0.89,0.0,0.12,0.04
i wrote the book,morgan wallen,83021468,144,D,Major,0.68,0.83,0.81,0.09,0.0,0.08,0.04
"apna bana le (from ""bhediya"")","arijit singh, sachin-jigar",139836056,94,A,Major,0.59,0.44,0.56,0.8,0.0,0.06,0.03
spit in my face!,thxsomch,303216294,94,G#,Major,0.73,0.65,0.79,0.05,0.02,0.11,0.06
playa del inglï¿½,"myke towers, quevedo",221409663,113,G,Minor,0.79,0.66,0.74,0.08,0.0,0.11,0.05
man made a bar (feat. eric church),"morgan wallen, eric church",58890931,148,E,Major,0.5,0.49,0.76,0.12,0.0,0.12,0.03
red ruby da sleeze,nicki minaj,81419389,98,C#,Major,0.7,0.29,0.73,0.12,0.0,0.11,0.26
kahani suno 2.0,kaifi khalil,156777415,140,B,Major,0.58,0.26,0.38,0.91,0.0,0.1,0.04
nobody gets me,sza,284908316,100,G,Major,0.36,0.28,0.28,0.81,0.0,0.18,0.03
pero tï¿,"karol g, quevedo",93438910,140,F#,Major,0.86,0.68,0.79,0.39,0.0,0.11,0.29
hype boy,newjeans,363472647,100,E,Minor,0.59,0.78,0.94,0.27,0.0,0.29,0.23
bloody mary,lady gaga,372476382,100,A,Minor,0.59,0.49,0.65,0.02,0.0,0.13,0.03
monotonï¿½,"ozuna, shakira",380726517,132,,Minor,0.87,0.82,0.7,0.42,0.0,0.21,0.05
ýýý98 braves,morgan wallen,56533272,142,D,Major,0.49,0.48,0.67,0.1,0.0,0.26,0.03
wanda,quevedo,175399345,176,E,Minor,0.72,0.96,0.63,0.25,0.0,0.21,0.07
thought you should know,morgan wallen,203221468,140,F#,Major,0.53,0.51,0.7,0.49,0.0,0.14,0.03
in the end,linkin park,1624165576,105,D#,Minor,0.55,0.4,0.9,0.01,0.0,0.32,0.06
zona de perigo,leo santana,134294498,135,F,Major,0.81,0.97,0.77,0.75,0.0,0.35,0.03
lovezinho,treyce,70069745,128,E,Minor,0.82,0.61,0.59,0.3,0.0,0.12,0.04
i like you (a happier song) (with doja cat),"post malone, doja cat",609293408,101,F,Major,0.74,0.43,0.69,0.12,0.0,0.12,0.07
neverita,bad bunny,671365962,122,A#,Major,0.88,0.43,0.5,0.07,0.0,0.14,0.05
vista al mar,quevedo,362361576,105,,Minor,0.76,0.49,0.56,0.8,0.12,0.1,0.13
sem alianï¿½ï¿½a no,"mc xenon, os gemeos da putaria",93587665,83,C#,Major,0.53,0.4,0.36,0.73,0.0,0.11,0.33
enemy (with jid) - from the series arcane league of legends,"imagine dragons, league of legends, jid, arcane",1223481149,77,B,Minor,0.72,0.59,0.76,0.24,0.0,0.42,0.28
revenge,xxxtentacion,1022258230,140,B,Minor,0.75,0.18,0.25,0.78,0.0,0.11,0.26
bombonzinho - ao vivo,"israel & rodolffo, ana castela",263453310,158,C#,Major,0.65,0.72,0.95,0.31,0.0,0.92,0.05
la canciï¿½,"j balvin, bad bunny",1435127549,176,G,Major,0.75,0.43,0.65,0.15,0.0,0.11,0.32
quï¿½ï¿½ ago,"yuridia, angela aguilar",236857112,98,B,Major,0.73,0.88,0.57,0.56,0.0,0.05,0.02
love again,the kid laroi,147538971,107,B,Minor,0.66,0.47,0.4,0.72,0.0,0.11,0.03
after hours,the weeknd,698086140,109,F,Minor,0.66,0.16,0.57,0.1,0.01,0.12,0.03
about damn time,lizzo,723894473,109,A#,Minor,0.84,0.72,0.74,0.1,0.0,0.34,0.07
born with a beer in my hand,morgan wallen,34450974,148,,Major,0.53,0.61,0.81,0.05,0.0,0.36,0.04
ýýýýýýýýýýýýýýýýýýýýý,fujii kaze,403097450,158,F#,Minor,0.6,0.52,0.76,0.17,0.0,0.19,0.05
besos moja2,"wisin & yandel, rosalï¿½",309483971,94,F,Minor,0.74,0.64,0.73,0.06,0.0,0.1,0.06
maan meri jaan,king,319566866,96,F#,Minor,0.7,0.4,0.51,0.35,0.0,0.1,0.04
moscow mule,bad bunny,909001996,100,F,Minor,0.8,0.29,0.67,0.29,0.0,0.12,0.03
my universe,"coldplay, bts",1061966512,105,A,Major,0.58,0.42,0.68,0.01,0.0,0.14,0.04
devil donï¿½ï¿½ï¿½,morgan wallen,32526947,125,,Major,0.53,0.32,0.66,0.38,0.0,0.09,0.03
llylm,rosalï¿½,124988687,170,F#,Minor,0.56,0.56,0.63,0.13,0.0,0.19,0.27
i'm not here to make friends,"sam smith, calvin harris, jessie reyez",103787664,115,,Major,0.7,0.84,0.9,0.17,0.0,0.41,0.06
trustfall,p!nk,134255790,122,G#,Major,0.64,0.25,0.89,0.0,0.0,0.15,0.09
antifragile,le sserafim,301051721,105,A#,Minor,0.88,0.82,0.8,0.08,0.0,0.11,0.08
boy's a liar,pinkpantheress,156338624,133,F,Major,0.66,0.74,0.84,0.25,0.0,0.21,0.04
vibe (feat. jimin of bts),"taeyang, jimin",152850295,100,,Major,0.79,0.6,0.68,0.07,0.0,0.26,0.04
shirt,sza,309653982,120,D#,Minor,0.82,0.55,0.45,0.15,0.03,0.09,0.1
lift me up - from black panther: wakanda forever - music from and inspired by,rihanna,297328960,177,A,Major,0.25,0.17,0.3,0.9,0.0,0.13,0.03
star walkin' (league of legends worlds anthem),lil nas x,332506354,142,D,Minor,0.64,0.31,0.72,0.15,0.0,0.09,0.05
"sex, drugs, etc.",beach weather,480507035,144,E,Minor,0.57,0.47,0.84,0.01,0.01,0.52,0.04
boy with luv (feat. halsey),"halsey, bts",1065580332,120,B,Minor,0.65,0.8,0.86,0.09,0.0,0.19,0.1
"hey, mickey!",baby tate,122763672,135,D,Major,0.92,0.73,0.51,0.55,0.0,0.15,0.06
calm down,rï¿½ï,445763624,107,B,Major,0.81,0.82,0.78,0.38,0.0,0.12,0.04
jhoome jo pathaan,"arijit singh, vishal dadlani, sukriti kakar, vishal-shekhar, shekhar ravjiani, kumaar",1365184,105,G,Major,0.82,0.62,0.74,0.1,0.0,0.33,0.07
escapism. - sped up,"raye, 070 shake",184308753,108,F#,Minor,0.44,0.38,0.77,0.09,0.0,0.09,0.2
space song,beach house,789753877,147,,Minor,0.51,0.62,0.79,0.22,0.13,0.14,0.03
dreamers [music from the fifa world cup qatar 2022 official soundtrack],"bts, jung kook, fifa sound",323358833,115,,Major,0.71,0.34,0.88,0.16,0.0,0.44,0.04
te felicito,"shakira, rauw alejandro",606361689,174,F,Major,0.7,0.57,0.64,0.23,0.0,0.08,0.32
muï¿½ï¿½,"steve aoki, tini, la joaqui",120972253,90,A#,Minor,0.68,0.83,0.71,0.03,0.0,0.31,0.08
tv,billie eilish,338564981,141,E,Minor,0.41,0.09,0.25,0.84,0.01,0.14,0.04
i'm not the only one,sam smith,1606986953,82,F,Major,0.68,0.5,0.49,0.56,0.0,0.08,0.04
heather,conan gray,1301799902,92,F,Major,0.47,0.25,0.43,0.62,0.0,0.32,0.03
"besharam rang (from ""pathaan"")","vishal-shekhar, shilpa rao, caralisa monteiro, kumaar, vishal dadlani, shekhar ravjiani",140187018,116,G#,Minor,0.77,0.65,0.8,0.06,0.0,0.15,0.04
one kiss (with dua lipa),"calvin harris, dua lipa",1897517891,124,A,Minor,0.79,0.59,0.86,0.04,0.0,0.08,0.11
sugar rush ride,tomorrow x together,107642809,125,A#,Minor,0.71,0.83,0.89,0.01,0.0,0.17,0.09
pink venom,blackpink,551305895,90,,Major,0.8,0.71,0.69,0.02,0.0,0.27,0.1
wait for u (feat. drake & tems),"drake, future, tems",556585270,83,C#,Major,0.46,0.34,0.64,0.31,0.0,0.07,0.34
don't start now,dua lipa,2303033973,124,B,Minor,0.79,0.68,0.79,0.01,0.0,0.1,0.08
after dark,mr.kitty,646886885,140,G#,Major,0.58,0.04,0.6,0.07,0.41,0.08,0.03
eu gosto assim - ao vivo,"gustavo mioto, mari fernandez",222612678,154,,Major,0.64,0.61,0.91,0.15,0.0,0.72,0.04
industry baby (feat. jack harlow),"jack harlow, lil nas x",1814349763,150,D#,Minor,0.74,0.89,0.7,0.02,0.0,0.05,0.06
middle of the night,elley duhï¿,872137015,186,E,Minor,0.41,0.09,0.61,0.02,0.0,0.12,0.05
atlantis,seafret,571386359,166,G#,Minor,0.4,0.23,0.48,0.05,0.0,0.12,0.03
punto 40,"baby rasta, rauw alejandro",304079786,107,,Major,0.87,0.2,0.83,0.0,0.04,0.31,0.09
evoque prata,"dj escobar, mc menor sg, mc menor hr",174006928,87,G,Major,0.87,0.52,0.52,0.31,0.0,0.28,0.24
how do i say goodbye,dean lewis,284785823,82,G#,Major,0.4,0.39,0.64,0.21,0.0,0.07,0.07
blind,sza,163284000,114,A,Minor,0.46,0.6,0.28,0.91,0.0,0.21,0.04
die for you,joji,246390068,148,G#,Major,0.47,0.15,0.52,0.38,0.13,0.29,0.05
doja,central cee,482257456,140,F#,Major,0.91,0.97,0.57,0.38,0.0,0.4,0.29
gatita,bellakath,168684524,101,G,Major,0.9,0.76,0.81,0.15,0.24,0.33,0.06
rumble,"skrillex, flowdan, fred again..",78489819,140,C#,Minor,0.81,0.06,0.84,0.05,0.23,0.06,0.06
niagara falls (foot or 2) [with travis scott & 21 savage],"travis scott, 21 savage, metro boomin",195516622,88,G,Minor,0.49,0.24,0.66,0.19,0.0,0.18,0.29
yonaguni,bad bunny,1260594497,180,C#,Major,0.64,0.44,0.65,0.28,0.0,0.14,0.12
super freaky girl,nicki minaj,428685680,133,D,Major,0.95,0.91,0.89,0.06,0.0,0.31,0.24
running up that hill (a deal with god),kate bush,1024858327,108,A#,Minor,0.63,0.2,0.55,0.72,0.0,0.06,0.06
dream on,aerosmith,838586769,80,F,Minor,0.39,0.24,0.43,0.39,0.0,0.23,0.03
limbo,freddie dredd,199386237,75,B,Minor,0.8,0.46,0.62,0.03,0.06,0.11,0.46
where are you now,"lost frequencies, calum scott",972509632,121,F#,Minor,0.67,0.26,0.64,0.52,0.0,0.17,0.1
worth nothing,"twisted, oliver tree",213438580,140,D,Minor,0.58,0.17,0.62,0.18,0.0,0.2,0.08
bad habits,ed sheeran,1555511105,126,B,Minor,0.81,0.59,0.9,0.05,0.0,0.36,0.03
kick back,kenshi yonezu,210038833,102,C#,Major,0.58,0.29,0.94,0.0,0.0,0.09,0.11
evergreen (you didnï¿½ï¿½ï¿½t deserve me a,omar apollo,227918678,82,A,Major,0.7,0.31,0.34,0.6,0.01,0.11,0.04
good days,sza,826623384,121,C#,Minor,0.46,0.53,0.78,0.23,0.0,0.72,0.06
levitating (feat. dababy),"dua lipa, dababy",1802514301,103,F#,Minor,0.7,0.92,0.83,0.01,0.0,0.07,0.06
woman,doja cat,1329090101,108,F,Minor,0.82,0.88,0.76,0.09,0.0,0.12,0.09
shut up my moms calling - (sped up),hotel ugly,181831132,85,F,Minor,0.65,0.36,0.47,0.31,0.0,0.12,0.1
ferrari,"james hype, miggy dela rosa",462791599,125,C#,Minor,0.84,0.7,0.69,0.01,0.0,0.05,0.05
"you're on your own, kid",taylor swift,348647203,120,D,Major,0.69,0.4,0.39,0.41,0.0,0.13,0.06
"kesariya (from ""brahmastra"")","pritam, arijit singh, amitabh bhattacharya",366599607,94,,Major,0.58,0.44,0.57,0.57,0.0,0.1,0.03
agudo mï¿½ï¿½gi,"styrx, utku inc, thezth",90598517,130,F#,Minor,0.65,0.49,0.8,0.22,0.04,0.07,0.05
payphone,"maroon 5, wiz khalifa",1479264469,110,E,Major,0.74,0.51,0.74,0.02,0.0,0.29,0.04
all i want for christmas is you,mariah carey,1449779435,150,G,Major,0.34,0.33,0.63,0.16,0.0,0.07,0.04
last christmas,wham!,1159176109,107,B,Minor,0.74,0.88,0.65,0.28,0.0,0.46,0.03
rockin' around the christmas tree,brenda lee,769213520,140,G#,Major,0.7,0.85,0.41,0.71,0.0,0.45,0.05
jingle bell rock,bobby helms,741301563,119,D,Major,0.74,0.78,0.37,0.84,0.0,0.06,0.03
it's beginning to look a lot like christmas,michael bublï¿,807561936,93,E,Major,0.35,0.38,0.23,0.91,0.0,0.29,0.03
santa tell me,ariana grande,834129063,133,G,Major,0.46,0.53,0.63,0.05,0.0,0.3,0.18
it's the most wonderful time of the year,andy williams,663832097,202,G,Major,0.24,0.76,0.6,0.77,0.0,0.12,0.04
let it snow! let it snow! let it snow!,dean martin,446390129,134,C#,Major,0.45,0.72,0.24,0.91,0.0,0.18,0.04
snowman,sia,690104769,105,C#,Major,0.72,0.33,0.51,0.48,0.0,0.09,0.03
underneath the tree,kelly clarkson,485285717,160,G#,Major,0.51,0.69,0.81,0.0,0.0,0.21,0.05
feliz navidad,josï¿½ï¿½ felic,520034544,148,D,Major,0.5,0.96,0.82,0.47,0.0,0.34,0.04
holly jolly christmas,michael bublï¿,476244795,151,G,Major,0.65,0.7,0.47,0.87,0.0,0.09,0.04
mistletoe,justin bieber,629173063,162,F#,Minor,0.67,0.88,0.54,0.51,0.0,0.09,0.04
sleigh ride,the ronettes,404664135,92,D,Major,0.53,0.84,0.77,0.4,0.0,0.32,0.03
seek & destroy,sza,98709329,152,C#,Major,0.65,0.35,0.65,0.44,0.18,0.21,0.07
love language,sza,110849052,65,A,Minor,0.71,0.55,0.26,0.85,0.0,0.13,0.08
happy xmas (war is over),"john lennon, the harlem community choir, the plastic ono band, yoko ono",460492795,147,D,Major,0.33,0.39,0.61,0.32,0.0,0.77,0.03
used (feat. don toliver),"sza, don toliver",94005786,150,A#,Minor,0.73,0.71,0.69,0.53,0.0,0.32,0.09
a holly jolly christmas - single version,burl ives,395591396,140,,Major,0.67,0.81,0.36,0.64,0.0,0.15,0.03
the christmas song (merry christmas to you) - remastered 1999,nat king cole,389771964,139,C#,Major,0.36,0.22,0.15,0.84,0.0,0.11,0.04
wonderful christmastime - edited version / remastered 2011,paul mccartney,403939487,95,B,Major,0.75,0.74,0.58,0.36,0.0,0.09,0.03
do they know it's christmas? - 1984 version,band aid,481697415,115,,Major,0.6,0.23,0.57,0.0,0.02,0.27,0.03
ghost in the machine (feat. phoebe bridgers),"sza, phoebe bridgers",110073250,125,F#,Major,0.62,0.59,0.43,0.84,0.03,0.11,0.05
special,sza,88092256,76,,Major,0.6,0.19,0.2,0.78,0.0,0.11,0.05
merry christmas everyone,shakin' stevens,351636786,101,C#,Minor,0.72,0.91,0.87,0.14,0.0,0.13,0.03
let it snow! let it snow! let it snow!,"frank sinatra, b. swanson quartet",473248298,143,D,Major,0.6,0.86,0.32,0.88,0.0,0.34,0.06
sos,sza,73981293,119,G,Minor,0.51,0.51,0.66,0.67,0.0,0.09,0.23
open arms (feat. travis scott),"sza, travis scott",155653938,78,A,Major,0.67,0.22,0.59,0.76,0.01,0.15,0.16
white christmas,"bing crosby, john scott trotter & his orchestra, ken darby singers",395591396,96,A,Major,0.23,0.19,0.25,0.91,0.0,0.4,0.03
driving home for christmas - 2019 remaster,chris rea,429504768,180,A,Major,0.51,0.87,0.58,0.36,0.0,0.18,0.04
christmas (baby please come home),darlene love,242767149,126,D#,Major,0.34,0.35,0.76,0.39,0.0,0.08,0.05
gone girl,sza,65362788,150,F,Major,0.43,0.42,0.44,0.57,0.0,0.15,0.06
f2f,sza,67540165,90,D,Major,0.53,0.47,0.74,0.09,0.0,0.34,0.04
notice me,sza,62019074,160,F,Major,0.72,0.78,0.68,0.28,0.0,0.11,0.12
merry christmas,"ed sheeran, elton john",135723538,114,,Major,0.59,0.6,0.94,0.24,0.0,0.1,0.04
it's beginning to look a lot like christmas (with mitchell ayres & his orchestra),"perry como, the fontane sisters, mitchell ayres & his orchestra",295998468,113,G,Major,0.73,0.72,0.32,0.77,0.0,0.15,0.05
my only wish (this year),britney spears,261116938,147,,Major,0.67,0.69,0.72,0.17,0.0,0.19,0.03
antidepresan,"mabel matiz, mert demir",136689549,100,B,Minor,0.7,0.92,0.59,0.03,0.0,0.1,0.03
wild flower (with youjeen),rm,135611421,155,G#,Major,0.49,0.42,0.77,0.03,0.0,0.12,0.09
i hate u,sza,356709897,107,G,Minor,0.54,0.41,0.39,0.51,0.0,0.11,0.16
raindrops (insane) [with travis scott],"travis scott, metro boomin",110649992,112,G#,Major,0.8,0.15,0.54,0.09,0.0,0.38,0.05
deck the hall - remastered 1999,nat king cole,127027715,107,F#,Minor,0.69,0.96,0.36,0.81,0.0,0.08,0.04
smoking on my ex pack,sza,57144458,81,G#,Major,0.47,0.33,0.68,0.24,0.0,0.22,0.38
conceited,sza,56870689,150,C#,Major,0.79,0.77,0.46,0.05,0.0,0.11,0.07
snow on the beach (feat. lana del rey),"taylor swift, lana del rey",323437194,110,A,Major,0.66,0.19,0.32,0.69,0.0,0.12,0.04
maroon,taylor swift,317726339,108,G,Major,0.64,0.04,0.4,0.06,0.0,0.1,0.06
tubarï¿½ï¿½o te,"dj lk da escï¿½ï¿½cia, tchakabum, mc jhenny, m",116144341,130,E,Minor,0.89,0.48,0.74,0.3,0.0,0.07,0.36
bejeweled,taylor swift,328207708,164,G,Major,0.7,0.39,0.56,0.06,0.0,0.09,0.07
tarot,"bad bunny, jhay cortez",608228647,114,B,Minor,0.8,0.42,0.68,0.02,0.0,0.66,0.04
you make it feel like christmas (feat. blake shelton),"gwen stefani, blake shelton",180577478,93,F,Major,0.63,0.93,0.88,0.01,0.0,0.12,0.04
desesperados,"chencho corleone, rauw alejandro",809306935,90,C#,Minor,0.87,0.51,0.69,0.36,0.0,0.09,0.08
too late,sza,49262961,128,B,Major,0.45,0.35,0.68,0.78,0.0,0.39,0.08
party,"bad bunny, rauw alejandro",614555082,97,A,Major,0.83,0.47,0.8,0.02,0.0,0.24,0.09
run rudolph run - single version,chuck berry,245350949,152,G,Minor,0.69,0.94,0.71,0.79,0.0,0.07,0.08
jingle bells - remastered 1999,frank sinatra,178660459,175,G#,Major,0.51,0.94,0.34,0.73,0.0,0.1,0.05
far,sza,51641685,116,D,Major,0.61,0.48,0.55,0.67,0.0,0.16,0.08
on time (with john legend),"john legend, metro boomin",78139948,80,F,Minor,0.33,0.51,0.59,0.76,0.0,0.44,0.06
gatï¿½ï¿½,"maldy, karol g",322336177,93,B,Minor,0.63,0.34,0.86,0.26,0.0,0.21,0.39
ýýýabcdefu,gayle,1007612429,122,E,Major,0.7,0.42,0.54,0.3,0.0,0.37,0.05
sacrifice,the weeknd,326792833,122,G,Major,0.7,0.91,0.79,0.03,0.0,0.07,0.1
is there someone else?,the weeknd,391251368,135,A,Minor,0.7,0.6,0.58,0.04,0.0,0.16,0.03
fingers crossed,"lauren spencer smith, lauren spencer smith, lauren spencer smith",349585590,109,F,Major,0.6,0.45,0.47,0.62,0.0,0.31,0.05
out of time,the weeknd,339659802,93,,Minor,0.65,0.82,0.74,0.27,0.0,0.32,0.05
do it to it,"cherish, acraze",674772936,125,B,Minor,0.85,0.64,0.81,0.02,0.05,0.07,0.09
we don't talk about bruno,"adassa, mauro castillo, stephanie beatriz, encanto - cast, rhenzy feliz, diane guerrero, carolina gaitan",432719968,206,,Minor,0.58,0.83,0.45,0.36,0.0,0.11,0.08
pepas,farruko,1309887447,130,G,Major,0.76,0.44,0.77,0.01,0.0,0.13,0.03
how do i make you love me?,the weeknd,119238316,121,G,Minor,0.8,0.62,0.51,0.02,0.0,0.09,0.08
gasoline,the weeknd,116903579,123,F#,Minor,0.74,0.35,0.73,0.0,0.0,0.21,0.05
infinity,jaymes young,888046992,122,B,Minor,0.67,0.5,0.67,0.15,0.0,0.3,0.04
less than zero,the weeknd,200660871,143,,Major,0.53,0.5,0.79,0.0,0.0,0.08,0.03
take my breath,the weeknd,130655803,121,A#,Minor,0.7,0.35,0.77,0.01,0.0,0.26,0.04
good 4 u,olivia rodrigo,1887039593,166,F#,Minor,0.56,0.68,0.66,0.28,0.0,0.11,0.18
"here we goï¿½ï¿½ï¿½ again (feat. tyler, the cr","the weeknd, tyler, the creator",88103848,135,C#,Major,0.41,0.27,0.64,0.36,0.0,0.6,0.03
best friends,the weeknd,101114984,87,E,Minor,0.49,0.49,0.59,0.44,0.0,0.35,0.21
kiss me more (feat. sza),"sza, doja cat",1575467011,111,G#,Major,0.77,0.74,0.66,0.3,0.0,0.13,0.03
i heard you're married (feat. lil wayne),"the weeknd, lil wayne",91656026,110,D,Major,0.75,0.85,0.84,0.1,0.0,0.31,0.19
need to know,doja cat,1042568408,130,C#,Major,0.66,0.19,0.61,0.3,0.0,0.09,0.07
montero (call me by your name),lil nas x,1735441776,179,G#,Minor,0.61,0.76,0.51,0.3,0.0,0.38,0.15
love nwantiti (ah ah ah),ckay,726837877,93,F,Minor,0.74,0.53,0.73,0.61,0.0,0.13,0.04
dawn fm,the weeknd,53933526,78,A,Minor,0.27,0.1,0.49,0.62,0.0,0.49,0.05
surface pressure,jessica darrow,267758538,180,D,Major,0.65,0.37,0.58,0.02,0.0,0.04,0.31
starry eyes,the weeknd,74601456,86,A,Minor,0.28,0.13,0.41,0.5,0.0,0.19,0.03
thats what i want,lil nas x,920797189,88,C#,Minor,0.74,0.55,0.85,0.01,0.0,0.05,0.22
one right now (with the weeknd),"the weeknd, post malone",539595276,97,C#,Major,0.68,0.72,0.78,0.04,0.0,0.07,0.05
beggin,mï¿½ï¿½ne,1367810478,134,B,Minor,0.71,0.59,0.8,0.13,0.0,0.36,0.05
mon amour - remix,"aitana, zzoilo",578207856,116,D,Major,0.75,0.36,0.76,0.12,0.0,0.1,0.1
lo siento bb:/ (with bad bunny & julieta venegas),"julieta venegas, bad bunny, tainy",775542072,170,E,Minor,0.64,0.14,0.7,0.09,0.0,0.09,0.08
money,lisa,863625566,140,C#,Minor,0.83,0.4,0.55,0.16,0.0,0.14,0.23
the motto,"tiï¿½ï¿½sto, ava",656013912,118,G,Minor,0.75,0.46,0.76,0.03,0.0,0.09,0.04
happier than ever,billie eilish,1056760045,65,,Major,0.31,0.31,0.24,0.76,0.0,0.14,0.04
moth to a flame (with the weeknd),"the weeknd, swedish house mafia",611994237,120,,Minor,0.56,0.16,0.67,0.0,0.0,0.11,0.04
traitor,"juan cruz toledo, huilen toledo",1230855859,176,D#,Major,0.29,0.12,0.33,0.68,0.0,0.12,0.05
toxic,boywithuke,582981380,180,G#,Minor,0.59,0.69,0.61,0.84,0.0,0.46,0.36
drivers license,olivia rodrigo,1858144199,144,A#,Major,0.59,0.21,0.43,0.76,0.0,0.1,0.07
malvadï¿½ï¿,"xamï¿½ï¿½, gustah, neo b",240684449,133,F#,Minor,0.82,0.52,0.61,0.38,0.0,0.14,0.27
all too well (10 minute version) (taylor's version) (from the vault),taylor swift,583687007,93,,Major,0.63,0.21,0.52,0.28,0.0,0.09,0.03
donï¿½ï¿½ï¿½t break my,the weeknd,63803529,122,A#,Major,0.77,0.25,0.62,0.34,0.0,0.23,0.03
oh my god,adele,466214729,88,C#,Major,0.53,0.55,0.73,0.09,0.0,0.03,0.05
entre nosotros (remix) [con nicki nicole],"lit killah, maria becerra, tiago pzk, nicki nicole",236940480,170,F,Minor,0.7,0.61,0.44,0.4,0.0,0.37,0.04
a tale by quincy,the weeknd,41924466,94,F,Minor,0.46,0.55,0.5,0.71,0.0,0.1,0.11
i am woman,emmy meli,225259194,170,A#,Major,0.65,0.46,0.47,0.12,0.0,0.13,0.16
medallo,"justin quiles, lenny tavï¿½ï¿½rez, bl",393230256,90,E,Minor,0.79,0.79,0.7,0.57,0.0,0.66,0.08
it'll be okay,shawn mendes,287201015,78,G,Major,0.4,0.07,0.29,0.62,0.0,0.09,0.03
softcore,the neighbourhood,599770206,94,D,Major,0.57,0.36,0.58,0.05,0.0,0.15,0.03
super gremlin,kodak black,342779426,73,D,Major,0.83,0.11,0.41,0.0,0.0,0.36,0.14
volvï¿,"aventura, bad bunny",673801126,176,C#,Major,0.73,0.79,0.86,0.42,0.0,0.07,0.18
todo de ti,rauw alejandro,1168642797,128,D#,Minor,0.81,0.57,0.63,0.4,0.01,0.1,0.04
love nwantiti - remix,"ckay, ax'el, dj yo!",540539717,120,G#,Major,0.58,0.44,0.6,0.44,0.09,0.05,0.06
smokin out the window,"bruno mars, anderson .paak, silk sonic",383550148,82,D,Major,0.63,0.85,0.62,0.06,0.0,0.35,0.04
meet me at our spot,"the anxiety, willow, tyler cole",530511203,95,D,Major,0.77,0.4,0.47,0.02,0.0,0.09,0.03
every angel is terrifying,the weeknd,37307967,118,,Major,0.44,0.52,0.94,0.11,0.0,0.04,0.29
tacones rojos,sebastian yatra,510876816,123,B,Minor,0.75,0.93,0.86,0.08,0.0,0.14,0.03
peaches (feat. daniel caesar & giveon),"justin bieber, daniel caesar, giveon",1445941661,90,,Major,0.63,0.49,0.68,0.38,0.0,0.42,0.18
dakiti,"bad bunny, jhay cortez",1763363713,110,E,Minor,0.73,0.14,0.57,0.4,0.0,0.11,0.05
"tiago pzk: bzrp music sessions, vol. 48","bizarrap, tiago pzk",374191487,96,C#,Minor,0.66,0.76,0.82,0.47,0.0,0.1,0.32
lï¿½ï¿½ï¿,stromae,108809090,88,D,Minor,0.56,0.58,0.55,0.35,0.0,0.23,0.11
nostï¿½ï¿½l,"chris brown, rvssian, rauw alejandro",436695353,98,A,Minor,0.73,0.6,0.85,0.17,0.0,0.24,0.05
better days (neiked x mae muller x polo g),"neiked, mae muller, polo g",421040617,110,,Minor,0.72,0.67,0.68,0.0,0.0,0.14,0.04
life goes on,oliver tree,501541661,80,,Major,0.7,0.57,0.49,0.19,0.0,0.12,0.08
sad girlz luv money remix (feat. kali uchis),"kali uchis, amaarae, moliy",354065229,110,C#,Minor,0.86,0.31,0.53,0.43,0.0,0.11,0.06
butter,bts,1143647827,110,G#,Major,0.79,0.7,0.36,0.0,0.0,0.06,0.11
pushin p (feat. young thug),"young thug, future, gunna",311395144,78,C#,Minor,0.77,0.49,0.42,0.01,0.01,0.13,0.19
you right,"doja cat, the weeknd",672656250,129,G#,Major,0.83,0.44,0.62,0.02,0.0,0.08,0.06
deja vu,olivia rodrigo,1256880657,181,A,Major,0.44,0.22,0.6,0.61,0.0,0.42,0.09
dynamite,bts,1692897992,114,F#,Minor,0.75,0.74,0.77,0.01,0.0,0.09,0.1
to the moon,jnr choi,245095641,144,D,Major,0.74,0.39,0.65,0.05,0.01,0.11,0.35
lost in the fire,"the weeknd, gesaffelstein",686734357,101,D,Major,0.66,0.18,0.68,0.09,0.0,0.12,0.04
salimo de noche,"trueno, tiago pzk",261414174,84,D,Major,0.67,0.78,0.63,0.29,0.0,0.12,0.05
volando - remix,"sech, bad bunny, mora",610045621,154,F#,Major,0.66,0.63,0.69,0.21,0.0,0.11,0.07
leave the door open,"bruno mars, anderson .paak, silk sonic",1115880852,148,F,Major,0.59,0.72,0.62,0.18,0.0,0.09,0.03
knife talk (with 21 savage ft. project pat),"drake, project pat, 21 savage",594482982,146,F,Minor,0.85,0.22,0.37,0.13,0.0,0.07,0.3
don't be shy,"tiï¿½ï¿½sto, kar",566954746,120,B,Minor,0.77,0.51,0.79,0.2,0.0,0.26,0.06
la fama (with the weeknd),"the weeknd, rosalï¿½",374706940,136,,Minor,0.77,0.82,0.3,0.95,0.0,0.13,0.05
the family madrigal,"olga merediz, stephanie beatriz, encanto - cast",184937148,141,C#,Major,0.59,0.56,0.63,0.12,0.0,0.06,0.36
phantom regret by jim,the weeknd,31959571,108,A,Minor,0.46,0.23,0.48,0.75,0.3,0.14,0.04
dos oruguitas,sebastian yatra,167076418,94,,Major,0.42,0.47,0.36,0.76,0.0,0.09,0.05
freaks,surf curse,824420218,180,A,Major,0.35,0.41,0.94,0.0,0.63,0.05,0.05
acapulco,jason derulo,363467642,122,A#,Major,0.77,0.51,0.79,0.05,0.0,0.16,0.05
daddy issues,the neighbourhood,1127468248,85,A#,Major,0.59,0.33,0.52,0.07,0.15,0.12,0.03
thought i was playing,"21 savage, gunna",60680939,148,C#,Major,0.68,0.29,0.73,0.0,0.0,0.07,0.07
eleven,ive,247737946,120,A,Major,0.83,0.59,0.73,0.06,0.0,0.05,0.11
mood (feat. iann dior),"24kgoldn, iann dior",1699402402,91,G,Minor,0.7,0.76,0.72,0.22,0.0,0.27,0.04
what else can i do?,"stephanie beatriz, diane guerrero",154797871,120,E,Major,0.72,0.54,0.71,0.26,0.0,0.1,0.04
dance crip,trueno,198883004,106,,Major,0.86,0.86,0.79,0.11,0.0,0.08,0.09
miserable man,david kushner,124407432,110,A#,Major,0.63,0.31,0.35,0.93,0.0,0.29,0.03
happier,olivia rodrigo,850608354,169,F#,Major,0.39,0.36,0.45,0.81,0.0,0.08,0.13
praise god,kanye west,376333030,118,C#,Major,0.8,0.21,0.55,0.01,0.0,0.26,0.17
get into it (yuh),doja cat,516784627,92,G#,Minor,0.91,0.79,0.66,0.32,0.0,0.09,0.16
before you go,lewis capaldi,1608045237,112,D#,Major,0.45,0.19,0.6,0.63,0.0,0.09,0.06
sky,playboi carti,506778838,140,D,Major,0.79,0.56,0.91,0.26,0.0,0.13,0.21
rolling in the deep,adele,1472799873,105,G#,Major,0.73,0.52,0.76,0.13,0.0,0.05,0.03
sobrio,maluma,513643924,178,F,Major,0.76,0.63,0.77,0.14,0.0,0.15,0.22
peru,"ed sheeran, fireboy dml",261286503,108,G,Minor,0.96,0.71,0.42,0.57,0.0,0.08,0.09
favorite crime,olivia rodrigo,783706581,173,A,Major,0.4,0.19,0.29,0.86,0.0,0.34,0.04
thunder,"prezioso, gabry ponte, lum!x",422691058,101,C#,Major,0.67,0.4,0.9,0.03,0.0,0.34,0.06
the business,tiï¿½ï¿,1062345656,120,G#,Minor,0.8,0.24,0.62,0.41,0.02,0.11,0.23
positions,ariana grande,1252563873,144,,Major,0.73,0.66,0.8,0.44,0.0,0.09,0.12
i wanna be your slave,mï¿½ï¿½ne,851070493,133,C#,Major,0.75,0.96,0.61,0.0,0.0,0.18,0.04
vai lï¿½ï¿½ em casa,"marï¿½ï¿½lia mendonï¿½ï¿½a, george henrique &",263894529,158,G#,Minor,0.46,0.62,0.83,0.53,0.0,0.97,0.28
the feels,twice,345903614,120,A,Major,0.81,0.92,0.9,0.09,0.0,0.08,0.07
heartbreak anniversary,giveon,951637566,129,,Major,0.61,0.59,0.46,0.56,0.0,0.13,0.05
no lie,"sean paul, dua lipa",956865266,102,G,Major,0.74,0.45,0.89,0.05,0.0,0.26,0.13
out out (feat. charli xcx & saweetie),"charli xcx, jax jones, joel corry, saweetie",427486004,124,G#,Minor,0.79,0.79,0.84,0.02,0.0,0.05,0.05
pope is a rockstar,sales,156658366,90,E,Minor,0.73,0.31,0.45,0.85,0.24,0.11,0.03
2055,sleepy hallow,624515457,161,F#,Minor,0.78,0.65,0.52,0.46,0.0,0.12,0.31
bored,billie eilish,777765388,120,G,Major,0.6,0.11,0.33,0.9,0.0,0.08,0.05
happier than ever - edit,billie eilish,412795151,81,,Major,0.45,0.12,0.57,0.07,0.0,0.23,0.03
astronaut in the ocean,masked wolf,1138474110,150,E,Minor,0.78,0.47,0.7,0.18,0.0,0.15,0.09
ley seca,"anuel aa, jhay cortez",355219175,105,G#,Major,0.76,0.58,0.84,0.1,0.0,0.13,0.1
every summertime,niki,290228626,79,F#,Major,0.63,0.76,0.67,0.38,0.0,0.06,0.04
talking to the moon,bruno mars,1062956628,146,C#,Minor,0.52,0.07,0.61,0.51,0.0,0.11,0.03
you broke me first,tate mcrae,1180094974,124,E,Major,0.64,0.08,0.37,0.79,0.0,0.09,0.05
the nights,avicii,1456081449,126,F#,Major,0.53,0.66,0.85,0.02,0.0,0.24,0.04
way 2 sexy (with future & young thug),"drake, future, young thug",489945871,136,B,Minor,0.8,0.33,0.6,0.0,0.0,0.32,0.14
cï¿½ï¿½,rauw alejandro,465959382,102,A,Minor,0.77,0.26,0.63,0.58,0.0,0.11,0.05
enemy - from the series arcane league of legends,"imagine dragons, league of legends, arcane",1223481149,77,G,Major,0.73,0.54,0.74,0.23,0.0,0.41,0.23
dance monkey,tones and i,2864791672,98,F#,Minor,0.82,0.54,0.59,0.69,0.0,0.18,0.1
lucid dreams,juice wrld,2288695111,84,B,Minor,0.44,0.22,0.48,0.38,0.0,0.33,0.24
quï¿½ï¿½ mï¿½ï¿,"j balvin, maria becerra",720825549,102,G#,Major,0.89,0.77,0.82,0.03,0.0,0.17,0.11
all of me,john legend,2086124197,120,G#,Major,0.42,0.33,0.26,0.92,0.0,0.13,0.03
smells like teen spirit - remastered 2021,nirvana,1690192927,117,C#,Major,0.52,0.73,0.91,0.0,0.0,0.11,0.07
arcade,duncan laurence,991336132,72,A,Minor,0.45,0.27,0.33,0.82,0.0,0.14,0.04
fair trade (with travis scott),"drake, travis scott",593917618,168,C#,Major,0.67,0.29,0.47,0.05,0.0,0.22,0.26
bar,"tini, l-gante",200972675,94,C#,Major,0.52,0.68,0.69,0.13,0.0,0.33,0.08
the rumbling (tv size),sim,71014967,145,G#,Major,0.41,0.65,0.88,0.0,0.0,0.26,0.05
family ties (with kendrick lamar),"kendrick lamar, baby keem",560222750,134,C#,Major,0.71,0.14,0.61,0.01,0.0,0.23,0.33
mr. brightside,the killers,1806617704,148,C#,Major,0.35,0.24,0.93,0.0,0.0,0.1,0.08
blessed-cursed,enhypen,77337771,127,E,Minor,0.6,0.4,0.89,0.09,0.0,0.6,0.06
am remix,"j balvin, nio garcia, bad bunny",528544703,172,F#,Minor,0.74,0.79,0.66,0.11,0.0,0.08,0.16
streets,doja cat,865640097,90,B,Major,0.75,0.19,0.46,0.21,0.04,0.34,0.08
shallow,"lady gaga, bradley cooper",2159346687,96,G,Major,0.57,0.3,0.4,0.38,0.0,0.26,0.03
polaroid love,enhypen,211372494,138,G,Minor,0.74,0.65,0.67,0.46,0.0,0.36,0.04
leave before you love me (with jonas brothers),"marshmello, jonas brothers",651732901,120,G,Major,0.72,0.67,0.72,0.0,0.0,0.13,0.04
permission to dance,bts,608334048,125,A,Major,0.7,0.65,0.74,0.01,0.0,0.34,0.04
friday (feat. mufasa & hypeman) - dopamine re-edit,"riton, nightcrawlers, mufasa & hypeman, dopamine",863756573,123,D,Major,0.82,0.8,0.86,0.01,0.0,0.3,0.13
rapstar,polo g,797402345,81,F#,Major,0.79,0.44,0.54,0.41,0.0,0.13,0.24
'till i collapse,"eminem, nate dogg",1695712020,171,C#,Major,0.55,0.1,0.85,0.07,0.0,0.08,0.2
memories,maroon 5,1759567999,91,B,Major,0.77,0.6,0.32,0.84,0.0,0.08,0.05
se le ve,"arcangel, de la ghetto, justin quiles, lenny tavï¿½ï¿½rez, sech, dalex, dimelo flow, rich music",223319934,84,G,Minor,0.56,0.61,0.76,0.1,0.0,0.14,0.11
25k jacket (feat. lil baby),"gunna, lil baby",54937991,115,F,Minor,0.9,0.74,0.54,0.16,0.0,0.13,0.28
when iï¿½ï¿½ï¿½m gone (with katy,"katy perry, alesso",226897599,125,,Major,0.69,0.7,0.89,0.04,0.0,0.49,0.03
esqueï¿½ï¿½a-me se for c,"marï¿½ï¿½lia mendonï¿½ï¿½a, maiara &",258316038,122,F#,Minor,0.8,0.62,0.69,0.28,0.0,0.13,0.07
miï¿½ï¿½n,"tini, maria becerra",596152090,92,D,Major,0.85,0.92,0.54,0.16,0.0,0.29,0.07
sï¿½ï¿½,"anuel aa, myke towers, jhay cortez",177129919,90,F#,Minor,0.63,0.75,0.75,0.17,0.0,0.11,0.08
mamiii,"karol g, becky g",716591492,94,E,Minor,0.84,0.9,0.7,0.09,0.0,0.14,0.08
still d.r.e.,"dr. dre, snoop dogg",1210599487,93,B,Major,0.81,0.53,0.78,0.18,0.0,0.06,0.24
stay alive (prod. suga of bts),jung kook,246376690,130,D,Minor,0.51,0.5,0.76,0.3,0.0,0.1,0.07
boyfriend,dove cameron,496311364,180,G,Minor,0.35,0.23,0.61,0.23,0.0,0.19,0.06
the joker and the queen (feat. taylor swift),"ed sheeran, taylor swift",146789379,134,,Major,0.53,0.31,0.31,0.92,0.0,0.28,0.03
the next episode,"dr. dre, snoop dogg",843309044,95,D#,Minor,0.92,0.31,0.89,0.03,0.0,0.08,0.25
light switch,charlie puth,500340342,184,F#,Major,0.69,0.91,0.63,0.11,0.0,0.09,0.31
city of gods,"kanye west, alicia keys, fivio foreign",107255472,147,G#,Minor,0.47,0.5,0.8,0.1,0.0,0.32,0.38
brividi,"mahmood, blanco",135079152,123,G,Major,0.52,0.44,0.6,0.4,0.0,0.26,0.03
lost,frank ocean,822239726,123,A#,Minor,0.91,0.49,0.61,0.03,0.0,0.17,0.22
in da club,50 cent,1202722675,90,F#,Minor,0.9,0.79,0.71,0.26,0.0,0.07,0.37
she's all i wanna be,tate mcrae,343197054,160,D,Minor,0.61,0.65,0.64,0.01,0.0,0.12,0.04
ginseng strip 2002,yung lean,240769997,115,C#,Major,0.6,0.37,0.71,0.08,0.0,0.48,0.04
all for us - from the hbo original series euphoria,"labrinth, zendaya",426204830,141,D#,Major,0.37,0.17,0.67,0.02,0.0,0.34,0.09
notion,the rare occasions,421135627,160,A,Major,0.31,0.3,0.88,0.07,0.0,0.08,0.08
formula,labrinth,554875730,145,B,Major,0.57,0.23,0.66,0.04,0.06,0.15,0.04
mount everest,labrinth,467727006,89,,Minor,0.46,0.43,0.43,0.23,0.08,0.08,0.22
excuses,"intense, ap dhillon, gurinder gill",327498031,95,F,Minor,0.84,0.49,0.72,0.08,0.0,0.15,0.08
cigarettes,juice wrld,185408548,160,D,Major,0.6,0.47,0.62,0.03,0.0,0.38,0.04
"cayï¿½ï¿½ la noche (feat. cruz cafunï¿½ï¿½, abhir hathi, bejo, el ima)","quevedo, la pantera, juseph, cruz cafunï¿½ï¿½, bï¿½ï¿½jo, abhir hathi",245400167,174,F,Minor,0.67,0.74,0.75,0.44,0.0,0.07,0.3
california love - original version (explicit),"dr. dre, 2pac, roger",579395142,92,G,Major,0.77,0.76,0.84,0.03,0.0,0.38,0.04
forgot about dre,"eminem, dr. dre",675039469,134,G#,Major,0.93,0.61,0.74,0.09,0.0,0.17,0.08
down under (feat. colin hay),"luude, colin hay",252871192,172,B,Minor,0.31,0.04,0.86,0.01,0.0,0.28,0.17
mujeriego,ryan castro,231996128,80,A,Major,0.76,0.92,0.62,0.06,0.0,0.08,0.13
humble.,kendrick lamar,1929770265,150,C#,Minor,0.91,0.42,0.6,0.0,0.0,0.09,0.12
stan,"eminem, dido",918915401,80,F#,Minor,0.78,0.53,0.74,0.04,0.0,0.45,0.21
contection,"godzz__-, zakaria",1180896317,166,A#,Minor,0.81,0.83,0.75,0.14,0.0,0.29,0.34
swim,chase atlantic,498960285,120,G#,Major,0.67,0.08,0.54,0.27,0.0,0.08,0.04
a tu merced,bad bunny,685071800,92,,Major,0.86,0.89,0.79,0.17,0.0,0.11,0.06
numb little bug,em beihold,258714692,85,G#,Minor,0.74,0.61,0.52,0.3,0.0,0.26,0.09
212,"mainstreet, chefin",143139338,154,D,Minor,0.79,0.86,0.52,0.66,0.0,0.09,0.07
problemï¿½,"alvaro diaz, rauw alejandro",209768491,92,D,Minor,0.73,0.37,0.74,0.28,0.0,0.14,0.06
bussin,"nicki minaj, lil baby",64714573,140,B,Major,0.89,0.75,0.7,0.06,0.0,0.13,0.05
worst day,future,50746620,89,C#,Major,0.65,0.6,0.6,0.11,0.0,0.1,0.4
malvada,zï¿½ï¿½ fe,154119539,135,F,Minor,0.89,0.89,0.86,0.16,0.0,0.08,0.05
hrs and hrs,muni long,181328253,140,G#,Minor,0.51,0.66,0.53,0.6,0.0,0.11,0.18
alien blues,vundabar,370068639,82,D#,Major,0.47,0.44,0.76,0.08,0.91,0.09,0.03
thinking out loud,ed sheeran,2280566092,79,D,Major,0.78,0.58,0.45,0.47,0.0,0.18,0.03
still don't know my name,labrinth,563902868,88,F,Major,0.31,0.31,0.63,0.47,0.27,0.21,0.12
christmas tree,v,317622165,139,F,Major,0.44,0.18,0.38,0.7,0.0,0.12,0.04
mal feito - ao vivo,"marï¿½ï¿½lia mendonï¿½ï¿½a, hugo & g",291709698,124,,Minor,0.73,0.68,0.83,0.55,0.0,0.9,0.07
when i r.i.p.,labrinth,203680270,80,G#,Minor,0.39,0.45,0.55,0.73,0.0,0.09,0.21
do we have a problem?,"nicki minaj, lil baby",81350745,120,C#,Minor,0.84,0.54,0.51,0.47,0.0,0.12,0.4
forever,labrinth,282883169,80,E,Minor,0.56,0.19,0.46,0.92,0.72,0.11,0.03
gospel (with eminem),"eminem, dr. dre",64787943,117,C#,Major,0.92,0.62,0.86,0.11,0.0,0.24,0.24
seï¿½ï¿½o,"shawn mendes, camila cabello",2484812918,117,A,Minor,0.76,0.77,0.52,0.04,0.0,0.08,0.03
new magic wand,"tyler, the creator",461437791,140,F,Minor,0.62,0.46,0.73,0.1,0.0,0.67,0.11
adore you,harry styles,1439191367,99,G#,Major,0.68,0.57,0.77,0.02,0.0,0.1,0.05
la santa,"daddy yankee, bad bunny",759208783,93,C#,Major,0.74,0.59,0.87,0.03,0.0,0.08,0.05
something in the way - remastered 2021,nirvana,368646862,106,G#,Major,0.44,0.08,0.2,0.74,0.42,0.11,0.03
sweetest pie,"dua lipa, megan thee stallion",299634472,124,G,Major,0.81,0.68,0.63,0.17,0.0,0.1,0.22
bam bam (feat. ed sheeran),"camila cabello, ed sheeran",756907987,95,G#,Major,0.76,0.96,0.7,0.18,0.0,0.33,0.04
una noche en medellï¿½,cris mj,682475162,96,A#,Minor,0.87,0.82,0.53,0.1,0.0,0.05,0.08
envolver,anitta,546191065,92,E,Minor,0.81,0.4,0.73,0.15,0.0,0.09,0.08
starlight,dave,229473310,124,G,Major,0.95,0.36,0.37,0.35,0.0,0.1,0.28
hati-hati di jalan,tulus,202677468,72,F#,Major,0.64,0.76,0.44,0.7,0.09,0.12,0.04
"i'm tired - from ""euphoria"" an original hbo series",labrinth,121913181,71,,Minor,0.28,0.26,0.2,0.19,0.0,0.3,0.03
danï¿½ï¿½a,"mc pedrinho, pedro sampaio",208166039,135,A,Minor,0.78,0.55,0.57,0.04,0.0,0.1,0.08
yo voy (feat. daddy yankee),zion & lennox,527033089,95,A#,Major,0.81,0.56,0.7,0.04,0.0,0.05,0.24
"residente: bzrp music sessions, vol. 49","residente, bizarrap",94616487,71,C#,Minor,0.59,0.7,0.74,0.56,0.0,0.11,0.4
jordan,ryan castro,394030335,180,A#,Minor,0.8,0.71,0.68,0.06,0.0,0.1,0.37
nail tech,jack harlow,193443895,150,E,Minor,0.65,0.11,0.58,0.0,0.0,0.12,0.09
chale,eden muï¿½ï,299648208,189,G#,Major,0.55,0.86,0.44,0.4,0.0,0.07,0.04
darari,treasure,182978249,85,,Major,0.72,0.55,0.64,0.49,0.0,0.07,0.04
ya no somos ni seremos,christian nodal,319757142,140,G,Major,0.59,0.73,0.45,0.44,0.0,0.34,0.03
thinking with my dick,"kevin gates, juicy j",109091573,81,,Major,0.77,0.68,0.7,0.06,0.0,0.17,0.2
freaky deaky,"tyga, doja cat",153240879,104,D,Minor,0.8,0.24,0.65,0.02,0.0,0.09,0.04
this is what falling in love feels like,jvke,346127840,129,B,Major,0.42,0.33,0.44,0.62,0.0,0.08,0.06
la zona,bad bunny,312622938,94,C#,Minor,0.76,0.81,0.8,0.2,0.0,0.25,0.04
bohemian rhapsody - remastered 2011,queen,2197010679,71,,Minor,0.41,0.23,0.4,0.27,0.0,0.3,0.05
hope,xxxtentacion,1200808494,146,A,Minor,0.59,0.23,0.46,0.66,0.0,0.15,0.06
levitating,dua lipa,797196073,103,F#,Minor,0.69,0.9,0.88,0.05,0.0,0.29,0.08
wake me up - radio edit,avicii,1970673297,124,D,Major,0.53,0.66,0.78,0.0,0.0,0.16,0.05
"jealousy, jealousy",olivia rodrigo,665765558,164,A#,Minor,0.7,0.71,0.58,0.24,0.0,0.07,0.13
monï¿½ï¿½y so,yeat,263779030,138,D,Major,0.69,0.35,0.57,0.12,0.0,0.1,0.09
demasiadas mujeres,c. tangana,339473453,126,A,Minor,0.67,0.37,0.46,0.13,0.0,0.1,0.39
something just like this,"the chainsmokers, coldplay",2204080728,103,B,Minor,0.61,0.47,0.65,0.03,0.0,0.17,0.04
closer,"the chainsmokers, halsey",2591224264,95,G#,Major,0.75,0.64,0.52,0.41,0.0,0.11,0.03
o.o,nmixx,135444283,200,B,Minor,0.39,0.28,0.77,0.04,0.0,0.06,0.29
somebody that i used to know,"gotye, kimbra",1457139296,129,,Major,0.86,0.75,0.52,0.54,0.0,0.1,0.04
tom's diner,"annenmaykantereit, giant rooks",236872197,98,F#,Minor,0.68,0.33,0.43,0.38,0.0,0.36,0.14
first class,jack harlow,694525298,107,G#,Major,0.91,0.32,0.56,0.03,0.0,0.11,0.1
plan a,paulo londra,240661097,174,,Major,0.58,0.56,0.83,0.05,0.0,0.07,0.04
fuera del mercado,danny ocean,421365166,92,G#,Major,0.45,0.27,0.67,0.32,0.0,0.13,0.14
x ï¿½ï¿½ltima,"daddy yankee, bad bunny",349746291,90,G,Major,0.81,0.59,0.83,0.09,0.0,0.11,0.05
when you're gone,shawn mendes,255120451,147,F,Major,0.6,0.58,0.69,0.02,0.0,0.58,0.04
in my head,lil tjay,190981339,143,C#,Major,0.68,0.41,0.55,0.16,0.0,0.1,0.12
wait a minute!,willow,924193303,101,D#,Minor,0.76,0.63,0.71,0.03,0.0,0.1,0.03
love dive,ive,305771063,118,C#,Minor,0.7,0.54,0.71,0.0,0.0,0.33,0.04
pantysito,"feid, alejo, robi",273005485,98,G,Minor,0.83,0.63,0.74,0.14,0.0,0.16,0.06
chance,paulo londra,89566512,138,C#,Minor,0.72,0.22,0.46,0.24,0.0,0.09,0.06
cool for the summer,demi lovato,677389855,114,F,Minor,0.59,0.3,0.62,0.01,0.0,0.08,0.04
psychofreak (feat. willow),"camila cabello, willow",75476209,180,G,Minor,0.63,0.45,0.64,0.34,0.0,0.09,0.08
angel baby,troye sivan,408843328,145,B,Major,0.56,0.41,0.57,0.01,0.0,0.13,0.03
vampiro,"matuï¿½ï¿½, wiu,",187772591,115,G#,Minor,0.78,0.63,0.64,0.01,0.0,0.07,0.04
si quieren frontear,"de la ghetto, duki, quevedo",178512385,82,A#,Major,0.79,0.48,0.84,0.13,0.0,0.21,0.23
right on,lil baby,101780047,166,D,Major,0.7,0.22,0.61,0.02,0.0,0.1,0.34
me arrepentï¿,"ak4:20, cris mj, pailita",118381354,92,,Major,0.86,0.91,0.79,0.29,0.0,0.6,0.16
that's hilarious,charlie puth,146363130,108,F#,Major,0.71,0.55,0.44,0.74,0.0,0.11,0.06
soy el unico,yahritza y su esencia,126443991,84,E,Minor,0.71,0.63,0.45,0.45,0.0,0.11,0.03
rumbatï¿½,daddy yankee,157990698,95,D#,Minor,0.69,0.9,0.91,0.06,0.0,0.35,0.04
sentadona (remix) s2,"luï¿½ï¿½sa sonza, mc frog, dj gabriel do borel, davi k",176290831,135,D#,Minor,0.93,0.77,0.45,0.25,0.0,0.13,0.27
falling,harry styles,1023187129,110,E,Major,0.57,0.06,0.27,0.84,0.0,0.09,0.03
sigue,"ed sheeran, j balvin",106933107,88,G,Major,0.89,0.59,0.64,0.05,0.0,0.19,0.07
fim de semana no rio,teto,139193812,119,C#,Minor,0.87,0.28,0.5,0.12,0.0,0.1,0.1
maniac,stray kids,212234990,120,C#,Major,0.58,0.71,0.8,0.15,0.0,0.07,0.41
there's nothing holdin' me back,shawn mendes,1714490998,122,D,Major,0.86,0.97,0.8,0.36,0.0,0.09,0.06
idgaf (with blackbear),"blackbear, boywithuke",197643795,98,F,Major,0.78,0.83,0.75,0.41,0.0,0.27,0.08
golden,harry styles,807015863,140,E,Minor,0.45,0.25,0.84,0.21,0.0,0.13,0.06
get lucky - radio edit,"pharrell williams, nile rodgers, daft punk",933815613,116,F#,Minor,0.79,0.87,0.81,0.04,0.0,0.1,0.04
ain't shit,doja cat,499710590,124,D#,Major,0.86,0.62,0.49,0.51,0.0,0.35,0.21
"nobody like u - from ""turning red""","jordan fisher, josh levi, finneas o'connell, 4*town (from disney and pixarï¿½ï¿½ï¿½s turning red), topher ngo, grayson vill",120847157,105,A,Minor,0.91,0.73,0.72,0.13,0.0,0.09,0.15
still life,bigbang,53909146,118,G#,Major,0.68,0.24,0.58,0.44,0.0,0.06,0.03
photograph,ed sheeran,2236667932,108,E,Major,0.61,0.2,0.38,0.61,0.0,0.1,0.05
love yourself,justin bieber,2123309722,100,E,Major,0.61,0.53,0.38,0.84,0.0,0.28,0.44
n95,kendrick lamar,301242089,140,D#,Minor,0.81,0.39,0.66,0.38,0.0,0.12,0.14
die hard,"kendrick lamar, blxst, amanda reifer",237351106,101,C#,Minor,0.78,0.4,0.74,0.36,0.0,0.17,0.27
despuï¿½ï¿½s de la p,bad bunny,461558540,78,F,Major,0.56,0.61,0.9,0.36,0.0,0.18,0.31
un ratito,bad bunny,417230415,93,,Minor,0.79,0.22,0.55,0.31,0.0,0.12,0.05
united in grief,kendrick lamar,156898322,87,G#,Major,0.52,0.32,0.83,0.24,0.0,0.17,0.43
father time (feat. sampha),"kendrick lamar, sampha",127309180,153,A#,Minor,0.55,0.5,0.78,0.19,0.0,0.11,0.35
yo no soy celoso,bad bunny,313113297,142,,Major,0.87,0.93,0.59,0.28,0.0,0.17,0.05
rich spirit,kendrick lamar,173702135,96,A#,Minor,0.85,0.41,0.43,0.39,0.0,0.12,0.21
cooped up (with roddy ricch),"post malone, roddy ricch",271666301,125,,Major,0.5,0.39,0.78,0.04,0.0,0.11,0.33
me fui de vacaciones,bad bunny,305650299,85,A#,Major,0.71,0.43,0.65,0.23,0.0,0.09,0.05
silent hill,"kendrick lamar, kodak black",123216717,140,C#,Minor,0.92,0.78,0.57,0.46,0.0,0.14,0.09
la corriente,"tony dize, bad bunny",479655659,196,B,Minor,0.66,0.58,0.79,0.23,0.0,0.22,0.2
count me out,kendrick lamar,126191104,134,G,Major,0.78,0.51,0.43,0.69,0.0,0.14,0.09
andrea,"buscabulla, bad bunny",344055883,103,C#,Minor,0.8,0.45,0.62,0.76,0.0,0.1,0.38
dos mil 16,bad bunny,338422004,130,C#,Major,0.82,0.5,0.67,0.12,0.0,0.13,0.05
we cry together,"kendrick lamar, taylour paige",68895644,108,B,Major,0.65,0.52,0.69,0.31,0.0,0.08,0.36
savior,"kendrick lamar, sam dew, baby keem",86176890,123,G#,Major,0.61,0.66,0.71,0.53,0.0,0.32,0.46
un coco,bad bunny,403231558,152,B,Major,0.84,0.74,0.69,0.21,0.0,0.18,0.06
otro atardecer,"bad bunny, the marï¿½ï",319546754,108,D,Major,0.78,0.55,0.6,0.59,0.0,0.07,0.04
worldwide steppers,kendrick lamar,61739839,72,A#,Minor,0.56,0.56,0.47,0.76,0.0,0.08,0.36
aguacero,bad bunny,283359161,121,F#,Minor,0.86,0.67,0.65,0.42,0.0,0.35,0.07
purple hearts,"kendrick lamar, ghostface killah, summer walker",76831876,138,D#,Minor,0.57,0.71,0.82,0.19,0.0,0.15,0.29
un verano sin ti,bad bunny,283332261,188,F,Minor,0.5,0.41,0.5,0.69,0.0,0.12,0.06
ultra solo,"polima westcoast, pailita",307752576,110,C#,Major,0.8,0.26,0.85,0.23,0.0,0.11,0.21
ensï¿½ï¿½ï¿½ï¿½ame,bad bunny,279737940,105,G#,Major,0.81,0.77,0.79,0.19,0.0,0.47,0.08
el apagï¿½,bad bunny,212351890,118,G#,Major,0.63,0.6,0.7,0.05,0.0,0.09,0.31
callaita,"bad bunny, tainy",1304313953,176,D,Major,0.61,0.24,0.62,0.6,0.0,0.24,0.31
dua lipa,jack harlow,150500965,158,B,Major,0.83,0.41,0.65,0.0,0.1,0.11,0.08
agosto,bad bunny,246127838,115,C#,Minor,0.85,0.72,0.58,0.09,0.0,0.49,0.12
house of memories,panic! at the disco,582863434,110,B,Minor,0.51,0.48,0.82,0.0,0.0,0.05,0.03
mr. morale,"kendrick lamar, tanna leone",58687425,174,A,Major,0.73,0.26,0.54,0.3,0.0,0.34,0.32
that that (prod. & feat. suga of bts),"psy, suga",212109195,130,E,Major,0.91,0.91,0.96,0.03,0.0,0.03,0.09
in the stars,benson boone,382199619,78,A#,Major,0.36,0.3,0.54,0.34,0.0,0.14,0.05
rich - interlude,kendrick lamar,41210087,104,G,Major,0.44,0.74,0.42,0.88,0.0,0.09,0.09
supermodel,mï¿½ï¿½ne,231657891,121,G,Major,0.64,0.8,0.88,0.0,0.0,0.12,0.06
stefania (kalush orchestra),kalush,53729194,105,D,Major,0.83,0.32,0.82,0.14,0.0,0.12,0.04
thousand miles,the kid laroi,244741137,81,G,Major,0.38,0.2,0.66,0.09,0.0,0.09,0.08
crown,kendrick lamar,42485571,170,C#,Minor,0.37,0.14,0.24,0.8,0.0,0.11,0.04
auntie diaries,kendrick lamar,37778188,78,G,Major,0.43,0.6,0.38,0.76,0.01,0.48,0.38
puffin on zootiez,future,254218729,125,G#,Major,0.88,0.28,0.66,0.06,0.0,0.13,0.31
mirror,kendrick lamar,53603447,92,E,Minor,0.66,0.29,0.65,0.23,0.0,0.08,0.07
beautiful girl,luciano,160035717,140,B,Minor,0.84,0.61,0.42,0.31,0.0,0.09,0.09
"paulo londra: bzrp music sessions, vol. 23","bizarrap, paulo londra",164163229,96,,Major,0.61,0.32,0.9,0.25,0.0,0.1,0.09
savior - interlude,kendrick lamar,37091576,118,F,Minor,0.66,0.83,0.43,0.84,0.0,0.19,0.19
pasoori,"shae gill, ali sethi",284249832,92,B,Minor,0.71,0.67,0.6,0.07,0.0,0.06,0.04
mother i sober (feat. beth gibbons of portishead),"kendrick lamar, beth gibbons",33381454,140,G#,Minor,0.49,0.5,0.37,0.87,0.0,0.11,0.35
tus lï¿½ï¿½gr,"sech, mora",184622518,174,C#,Major,0.68,0.45,0.71,0.18,0.0,0.11,0.25
where did you go?,"mnek, jax jones",300983101,127,A#,Major,0.77,0.53,0.78,0.19,0.0,0.29,0.04
i tried to tell y'all,"ugly dray, tesla jnr",121077868,96,B,Major,0.71,0.37,0.52,0.62,0.0,0.11,0.36
honest (feat. don toliver),"justin bieber, don toliver",106919680,150,G#,Minor,0.82,0.82,0.66,0.13,0.0,0.11,0.06
zoom,jessi,136996305,100,F#,Major,0.87,0.46,0.6,0.01,0.0,0.13,0.16
slomo,chanel,65719930,105,C#,Minor,0.73,0.59,0.81,0.13,0.0,0.09,0.06
fearless,le sserafim,229497852,104,G,Major,0.86,0.43,0.62,0.05,0.0,0.13,0.14
10 things i hate about you,leah kate,185550869,154,G#,Major,0.54,0.45,0.79,0.01,0.0,0.17,0.05
space man,sam ryder,54682594,80,B,Major,0.47,0.33,0.83,0.18,0.0,0.1,0.05
with you,"ha sung woon, jimin",240580042,150,D#,Major,0.53,0.14,0.43,0.64,0.0,0.13,0.03
iris,the goo goo dolls,1284942608,156,B,Minor,0.32,0.49,0.72,0.0,0.0,0.09,0.04
the heart part 5,kendrick lamar,71423324,98,G#,Minor,0.76,0.79,0.81,0.18,0.0,0.06,0.34
san lucas,kevin kaarl,244891912,92,G,Major,0.58,0.27,0.36,0.86,0.0,0.09,0.03
this love (taylorï¿½ï¿½ï¿½s ve,taylor swift,132171975,144,E,Major,0.47,0.07,0.5,0.32,0.0,0.07,0.04
good looking,suki waterhouse,184706613,150,E,Major,0.37,0.27,0.56,0.08,0.0,0.13,0.03
flowers,lauren spencer smith,184826429,138,D#,Major,0.7,0.31,0.44,0.84,0.0,0.09,0.39
yet to come,bts,302006641,172,C#,Major,0.56,0.68,0.89,0.04,0.0,0.33,0.19
run bts,bts,330881149,77,G#,Major,0.72,0.7,0.82,0.02,0.0,0.04,0.17
music for a sushi restaurant,harry styles,334733572,107,B,Major,0.72,0.36,0.72,0.26,0.06,0.11,0.04
matilda,harry styles,366214458,114,D,Major,0.51,0.39,0.29,0.9,0.0,0.1,0.04
for youth,bts,114546317,117,D,Major,0.63,0.29,0.51,0.43,0.0,0.25,0.04
daylight,harry styles,290833204,146,,Major,0.69,0.63,0.45,0.48,0.0,0.18,0.04
vegas (from the original motion picture soundtrack elvis),doja cat,448500832,160,G#,Minor,0.8,0.74,0.6,0.08,0.0,0.14,0.26
cash in cash out,"pharrell williams, tyler, the creator, 21 savage",136676504,120,G,Major,0.88,0.15,0.56,0.01,0.0,0.08,0.06
potion (with dua lipa & young thug),"calvin harris, dua lipa, young thug",190625045,100,B,Minor,0.82,0.76,0.7,0.16,0.0,0.08,0.05
born singer,bts,79095270,158,G#,Minor,0.6,0.68,0.84,0.04,0.0,0.24,0.11
little freak,harry styles,273194684,142,D#,Major,0.56,0.4,0.54,0.72,0.0,0.1,0.04
la llevo al cielo (ft. ï¿½ï¿½engo f,"nengo flow, anuel aa, chris jedi, chencho corleone",333146475,170,A,Minor,0.8,0.77,0.85,0.11,0.0,0.17,0.14
true love,"kanye west, xxxtentacion",194902696,84,F,Minor,0.71,0.39,0.86,0.02,0.0,0.51,0.25
satellite,harry styles,311482393,139,,Major,0.58,0.3,0.46,0.14,0.0,0.09,0.03
pass the dutchie,musical youth,195918494,151,G,Major,0.73,0.88,0.67,0.2,0.0,0.32,0.05
"villano antillano: bzrp music sessions, vol. 51","bizarrap, villano antillano",248511839,128,C#,Minor,0.82,0.42,0.75,0.06,0.0,0.63,0.06
love of my life,harry styles,233671263,118,G,Major,0.56,0.2,0.54,0.67,0.0,0.06,0.05
grapejuice,harry styles,199587884,183,F,Major,0.65,0.88,0.72,0.36,0.14,0.2,0.03
so good,halsey,91781263,83,D#,Minor,0.63,0.29,0.62,0.04,0.0,0.18,0.04
belly dancer,"byor, imanbek",383835984,122,C#,Major,0.85,0.42,0.8,0.06,0.0,0.17,0.14
keep driving,harry styles,236060709,165,A,Major,0.72,0.9,0.48,0.32,0.0,0.18,0.23
cinema,harry styles,189236868,106,A,Minor,0.83,0.9,0.64,0.35,0.05,0.09,0.04
die young (feat. 347aidan),"sleepy hallow, 347aidan",160845341,77,B,Major,0.81,0.68,0.58,0.83,0.0,0.11,0.34
only love can hurt like this,paloma faith,588955257,91,G#,Major,0.57,0.3,0.89,0.1,0.0,0.33,0.08
hold my hand,lady gaga,238350348,148,G,Major,0.51,0.21,0.63,0.05,0.0,0.41,0.03
daydreaming,harry styles,187703102,114,E,Minor,0.71,0.9,0.81,0.31,0.02,0.13,0.03
numb,"marshmello, khalid",295307001,120,,Minor,0.91,0.63,0.77,0.12,0.01,0.1,0.05
nos comemos (feat. ozuna),"ozuna, tiago pzk",138334433,92,F#,Major,0.83,0.56,0.82,0.1,0.0,0.09,0.05
me and your mama,childish gambino,445590495,118,F,Major,0.56,0.25,0.45,0.01,0.03,0.07,0.03
crazy what love can do,"david guetta, ella henderson, becky hill",286739476,123,E,Minor,0.6,0.46,0.71,0.03,0.0,0.16,0.04
slow dancing in the dark,joji,1122364376,89,D#,Major,0.52,0.28,0.48,0.54,0.01,0.19,0.03
antes de perderte,duki,157136970,110,F,Minor,0.81,0.61,0.93,0.49,0.0,0.12,0.11
boyfriends,harry styles,137070925,118,,Major,0.42,0.32,0.2,0.94,0.0,0.11,0.04
295,sidhu moose wala,183273246,90,B,Minor,0.68,0.54,0.76,0.21,0.0,0.11,0.2
tak ingin usai,keisya levronka,184807630,130,,Major,0.49,0.14,0.4,0.82,0.0,0.11,0.03
en el radio un cochinero,victor cibrian,164856284,154,F#,Minor,0.7,0.97,0.62,0.47,0.0,0.1,0.04
master of puppets (remastered),metallica,704171068,105,E,Minor,0.54,0.59,0.83,0.0,0.44,0.2,0.04
break my soul,beyoncï¿,354614964,115,C#,Minor,0.7,0.87,0.88,0.04,0.0,0.26,0.08
ultra solo remix,"de la ghetto, feid, polima westcoast, paloma mami, pailita",279717388,110,C#,Major,0.91,0.59,0.82,0.08,0.0,0.06,0.08
massive,drake,195628667,125,E,Minor,0.51,0.05,0.68,0.12,0.02,0.15,0.06
betty (get money),yung gravy,221752937,102,C#,Major,0.73,0.62,0.75,0.0,0.0,0.34,0.08
ojos marrones,lasso,263280370,120,G#,Minor,0.81,0.72,0.65,0.04,0.0,0.14,0.04
pop!,nayeon,213505179,97,D,Major,0.8,0.36,0.86,0.04,0.0,0.03,0.05
layla,"schï¿½ï¿½rze, dj r",130419412,140,F,Minor,0.44,0.41,0.92,0.0,0.0,0.44,0.07
more,j-hope,155795783,97,D,Major,0.78,0.31,0.72,0.01,0.0,0.11,0.04
sweet child o' mine,guns n' roses,1553497987,125,F#,Major,0.45,0.67,0.9,0.09,0.11,0.1,0.05
last last,burna boy,293466523,88,D#,Minor,0.8,0.55,0.56,0.13,0.0,0.08,0.09
sticky,drake,191448892,137,A#,Minor,0.88,0.08,0.49,0.09,0.0,0.09,0.14
hot shit (feat. ye & lil durk),"kanye west, lil durk, cardi b",85924992,157,A,Major,0.88,0.52,0.69,0.0,0.0,0.08,0.23
ai preto,"l7nnon, dj biel do furduncinho, bianca",176103902,130,F#,Major,0.95,0.83,0.57,0.54,0.0,0.1,0.25
la loto,"anitta, tini, becky g",121189256,90,C#,Major,0.85,0.8,0.83,0.1,0.0,0.08,0.11
die first,nessa barrett,131746175,183,G#,Minor,0.44,0.44,0.67,0.07,0.0,0.12,0.13
afraid to feel,lf system,244790012,128,C#,Major,0.58,0.68,0.91,0.02,0.0,0.27,0.11
baile no morro,"mc vitin da igrejinha, mc tairon, dj win",129314708,130,D#,Minor,0.71,0.78,0.4,0.46,0.0,0.07,0.45
cï¿½ï¿½mo dormi,rels b,331511413,126,C#,Major,0.63,0.56,0.43,0.24,0.0,0.12,0.23
bad decisions (with bts & snoop dogg),"snoop dogg, bts, benny blanco",219196651,120,,Major,0.77,0.94,0.87,0.02,0.0,0.23,0.12
staying alive (feat. drake & lil baby),"drake, dj khaled, lil baby",170732845,130,E,Minor,0.72,0.18,0.46,0.07,0.0,0.28,0.08
caile,luar la l,273914335,122,,Major,0.7,0.46,0.76,0.3,0.0,0.09,0.45
si te la encuentras por ahï¿,feid,179061440,172,G#,Minor,0.74,0.46,0.58,0.15,0.0,0.13,0.08
givenchy,duki,185236961,103,G#,Major,0.61,0.38,0.62,0.14,0.0,0.23,0.4
alien superstar,beyoncï¿,171788484,122,A#,Minor,0.55,0.46,0.64,0.0,0.0,0.17,0.1
mary on a cross,ghost,387080183,130,B,Major,0.47,0.56,0.9,0.0,0.0,0.1,0.04
attention,newjeans,264717480,105,A#,Minor,0.81,0.7,0.65,0.24,0.0,0.08,0.04
the shade,rex orange county,244928911,120,F,Major,0.9,0.73,0.51,0.39,0.0,0.09,0.06
"come back home - from ""purple hearts""",sofia carson,97610446,145,G,Major,0.56,0.43,0.53,0.24,0.0,0.12,0.04
el rescate,"grupo marca registrada, junior h",287278853,99,G,Minor,0.79,0.64,0.59,0.28,0.0,0.11,0.14
heartless,kanye west,887906111,88,A#,Minor,0.79,0.66,0.65,0.05,0.0,0.25,0.14
"stay with me (with justin timberlake, halsey, & pharrell)","calvin harris, halsey, pharrell williams, justin timberlake",123473120,126,A,Major,0.81,0.9,0.73,0.28,0.0,0.29,0.04
siempre pendientes,"peso pluma, luis r conriquez",295152154,136,,Major,0.77,0.71,0.75,0.33,0.01,0.13,0.04
jgl,"luis r conriquez, la adictiva",323455692,113,G#,Major,0.7,0.97,0.59,0.55,0.0,0.27,0.12
don't you worry,"david guetta, shakira, black eyed peas",240918092,132,B,Major,0.82,0.49,0.88,0.2,0.0,0.21,0.03
pipoco,"melody, ana castela, dj chris no beat",191873381,135,G#,Major,0.77,0.74,0.74,0.47,0.0,0.34,0.08
hold me closer,"elton john, britney spears",284216603,126,,Major,0.67,0.49,0.77,0.11,0.0,0.19,0.11
forget me,lewis capaldi,239411309,102,C#,Minor,0.67,0.72,0.74,0.3,0.0,0.36,0.04
after like,ive,265548837,125,,Major,0.68,0.8,0.92,0.1,0.0,0.09,0.12
bound 2,kanye west,703301727,149,C#,Major,0.37,0.28,0.66,0.14,0.0,0.09,0.05
b.o.t.a. (baddest of them all) - edit,"interplanetary criminal, eliza rose",244585109,137,,Major,0.74,0.71,0.89,0.24,0.61,0.15,0.05
talk that talk,twice,189476119,120,D#,Minor,0.77,0.78,0.91,0.14,0.0,0.33,0.12
billie eilish.,armani white,277132266,100,C#,Major,0.9,0.75,0.5,0.11,0.0,0.09,0.26
ferxxo 100,feid,278920007,164,G#,Minor,0.7,0.58,0.57,0.25,0.0,0.15,0.07
ku lo sa - a colors show,oxlade,222410722,93,A#,Minor,0.65,0.79,0.66,0.31,0.0,0.22,0.07
prohibidox,feid,185392587,180,C#,Minor,0.65,0.52,0.8,0.05,0.0,0.06,0.25
static,steve lacy,202452860,79,C#,Major,0.34,0.22,0.31,0.43,0.63,0.1,0.07
the scientist,coldplay,1608164312,146,F,Major,0.56,0.21,0.44,0.73,0.0,0.11,0.02
sparks,coldplay,624101957,103,C#,Major,0.37,0.17,0.27,0.75,0.05,0.1,0.03
talk,yeat,148461629,140,E,Minor,0.7,0.26,0.76,0.08,0.0,0.54,0.23
xq te pones asï¿,"yandel, feid",47093942,92,A#,Major,0.81,0.48,0.7,0.13,0.0,0.15,0.07
selfish,pnb rock,380319238,102,C#,Minor,0.64,0.04,0.6,0.11,0.0,0.19,0.04
sin seï¿½ï,"ovy on the drums, quevedo",209106362,118,B,Minor,0.82,0.75,0.85,0.33,0.01,0.11,0.04
lady mi amor,feid,53987404,93,D,Major,0.78,0.75,0.62,0.06,0.0,0.15,0.06
poland,lil yachty,115331792,150,F,Minor,0.7,0.26,0.56,0.14,0.83,0.11,0.05
the loneliest,mï¿½ï¿½ne,225093344,130,D,Major,0.52,0.24,0.6,0.0,0.0,0.08,0.03
bye bye,"marshmello, juice wrld",84697729,83,D#,Minor,0.65,0.24,0.53,0.06,0.0,0.51,0.04
baby otaku,"fran c, polima westcoast, nickoog clk, pablito pesadilla",159240673,102,A,Major,0.84,0.43,0.75,0.05,0.0,0.06,0.08
nxde,(g)i-dle,170709584,136,E,Minor,0.73,0.65,0.91,0.04,0.0,0.48,0.18
miss you,southstar,154356956,145,A,Major,0.66,0.24,0.58,0.17,0.0,0.19,0.05
we fell in love in october,girl in red,723043854,130,G,Major,0.57,0.24,0.37,0.11,0.18,0.16,0.03
2 be loved (am i ready),lizzo,247689123,156,G,Major,0.72,0.92,0.77,0.09,0.0,0.08,0.11
celestial,ed sheeran,176474912,123,D,Major,0.57,0.5,0.85,0.05,0.0,0.16,0.04
typa girl,blackpink,235549288,132,G,Major,0.92,0.53,0.62,0.07,0.0,0.63,0.1
i really want to stay at your house,"rosa walton, hallie coggins",140430339,125,D#,Minor,0.49,0.13,0.74,0.0,0.0,0.09,0.04
california breeze,lil baby,85559365,162,F,Minor,0.74,0.22,0.67,0.0,0.0,0.11,0.46
bamba (feat. aitch & bia),"luciano, aitch, bï¿½",146223492,138,A#,Major,0.8,0.82,0.81,0.14,0.0,0.13,0.36
casei com a putaria,"mc ryan sp, love funk, mc paiva zs",187701588,161,A#,Minor,0.59,0.62,0.6,0.12,0.0,0.05,0.44
major distribution,"drake, 21 savage",154863153,131,G#,Minor,0.91,0.23,0.55,0.01,0.0,0.07,0.32
pussy & millions (feat. travis scott),"drake, travis scott, 21 savage",191333656,122,E,Minor,0.75,0.45,0.63,0.06,0.0,0.35,0.12
vigilante shit,taylor swift,253650850,80,E,Minor,0.8,0.16,0.28,0.17,0.0,0.12,0.39
question...?,taylor swift,223064273,109,G,Major,0.75,0.11,0.5,0.2,0.0,0.3,0.17
on bs,"drake, 21 savage",170413877,158,A,Major,0.84,0.33,0.36,0.02,0.0,0.39,0.59
mastermind,taylor swift,218320587,126,E,Major,0.66,0.12,0.35,0.55,0.0,0.09,0.14
circo loco,"drake, 21 savage",141720999,104,C#,Major,0.73,0.25,0.61,0.01,0.0,0.32,0.07
labyrinth,taylor swift,187339835,110,,Major,0.48,0.15,0.31,0.8,0.22,0.12,0.04
spin bout u,"drake, 21 savage",198365537,130,G,Major,0.77,0.2,0.7,0.01,0.0,0.16,0.05
sweet nothing,taylor swift,186104310,177,,Major,0.34,0.39,0.16,0.97,0.0,0.12,0.05
"would've, could've, should've",taylor swift,177503916,158,G,Major,0.48,0.55,0.84,0.43,0.0,0.15,0.12
con la brisa,"ludwig goransson, foudeqush",71095708,114,D,Minor,0.62,0.25,0.44,0.51,0.33,0.14,0.03
privileged rappers,"drake, 21 savage",112436403,144,F,Major,0.93,0.62,0.61,0.0,0.0,0.12,0.2
the astronaut,jin,203436468,125,F,Major,0.54,0.22,0.76,0.0,0.0,0.14,0.03
backoutsideboyz,drake,93367537,142,F,Minor,0.85,0.4,0.43,0.04,0.0,0.39,0.32
broke boys,"drake, 21 savage",106249219,120,D,Major,0.64,0.11,0.53,0.01,0.0,0.25,0.27
the great war,taylor swift,181382590,96,F,Major,0.57,0.55,0.74,0.22,0.0,0.08,0.04
my mind & me,selena gomez,91473363,144,A,Major,0.6,0.24,0.39,0.57,0.0,0.08,0.03
bigger than the whole sky,taylor swift,121871870,166,F#,Major,0.42,0.07,0.24,0.83,0.01,0.12,0.06
a veces (feat. feid),"feid, paulo londra",73513683,92,C#,Major,0.8,0.81,0.67,0.04,0.0,0.08,0.06
en la de ella,"feid, sech, jhayco",133895612,97,C#,Major,0.82,0.67,0.77,0.08,0.0,0.12,0.05
alone,burna boy,96007391,90,E,Minor,0.61,0.32,0.67,0.15,0.0,0.11,0.05
